comparison,rows,accuracy_or_observed_agreement,expected_agreement,cohens_kappa,macro_f1
person_a_vs_adjudicated,119,0.370,0.112,0.290,0.422
person_b_vs_adjudicated,119,0.336,0.114,0.251,0.365
person_a_vs_person_b,119,0.807,0.306,0.721,0.653
existing_expanded_gold_vs_adjudicated,119,0.563,0.143,0.490,0.561
candidate_weak_label_vs_adjudicated,119,0.471,0.131,0.390,0.438
tfidf_linear_svm_vs_adjudicated,119,0.529,0.155,0.443,0.510
tfidf_logistic_vs_adjudicated,119,0.563,0.158,0.481,0.541
bigram_tfidf_logistic_vs_adjudicated,119,0.546,0.162,0.458,0.519
expanded_gold_vote_ensemble_vs_adjudicated,119,0.555,0.158,0.471,0.532
