blind_id,repository,issue_number,title,previous_gold_primary_failure,v2_gold_primary_failure,source,changed
GNF-0003-eaa63fac,rapidsai/cudf,13748,[BUG] Intermittent failures in test_jaccard_index_random_strings,dtype_casting,crash_compile,adjudication_300,true
GNF-0005-80aeca70,cupy/cupy,6715,Wrong overflow with matmul of uint16 arrays,overflow_underflow,overflow_underflow,adjudication_300,false
GNF-0007-5a435abf,pytorch/pytorch,175156,[inductor] Multiple randint calls cause inconsistent RNG results between eager and compiled mode after fixing the rng seed,dtype_casting,crash_compile,adjudication_300,true
GNF-0008-4625af98,rapidsai/cudf,6227,[BUG] csv writer truncating timestamp data while writing to csv file,dtype_casting,dtype_casting,adjudication_300,false
GNF-0010-ff390b39,triton-lang/triton,1121,Value 'sm_89' is not defined for option 'gpu-name',nan_inf,nan_inf,adjudication_300,false
GNF-0012-d3d20064,numba/numba,2988,Support For CPU Atomics,performance_only,not_numerical_failure,adjudication_300,true
GNF-0015-04273d95,pytorch/pytorch,119131,"`scaled_dot_product_attention` produces NaNs for math backend, but not memory efficient backend when used in mixed precision.",nan_inf,nan_inf,adjudication_300,false
GNF-0017-f27cd16b,numba/numba,5158,DeviceNDArray.bind() does not seem to bind the stream to self,crash_compile,crash_compile,adjudication_300,false
GNF-0019-965637d3,triton-lang/triton,10106,[Bug] gluon warp specialized pipeline load nan from TMA input in certain cases,nan_inf,nan_inf,adjudication_300,false
GNF-0020-322072f7,cupy/cupy,8260,Runtime compilation failed - CUDA synchronization primitives are only supported for sm_70 and up,dtype_casting,crash_compile,adjudication_300,true
GNF-0023-93595bc9,cupy/cupy,9907,`cupyx.scipy.special.erfcx` not working,crash_compile,crash_compile,adjudication_300,false
GNF-0025-d23b5aed,numba/numba,8891,Error when calling `nb.generated_jit` from CUDA,nan_inf,not_numerical_failure,adjudication_300,true
GNF-0026-8ee693c5,rapidsai/cudf,2283,[BUG] `len` after `fillna` operation uses way more memory than expected,performance_only,performance_only,adjudication_300,false
GNF-0029-5f61e128,rapidsai/cudf,16029,"[QST] TypeError: Argument 'real' has incorrect type (expected numpy.ndarray, got ndarray)",not_numerical_failure,not_numerical_failure,adjudication_300,false
GNF-0030-a4314978,pytorch/pytorch,181146,torch.compile: autograd.Function.apply with aliased inputs drops per-slot gradient contributions,nan_inf,precision_tolerance,adjudication_300,true
GNF-0031-dff9514d,numba/numba,3203,numba.cuda.detect() feature request,dtype_casting,not_numerical_failure,adjudication_300,true
GNF-0033-1f6d8975,triton-lang/triton,10176,"When upcasting bf16 to fp32 inside the kernel, triton uses TF32 path despite I pass input_precision=""ieee""",dtype_casting,dtype_casting,adjudication_300,false
GNF-0035-1d6522c2,pytorch/pytorch,166131,Return a view from tensor(requires_grad=False) in autograd function may cause incorrect requires_grad attribute.,precision_tolerance,precision_tolerance,adjudication_300,false
GNF-0037-7af727c1,rapidsai/cudf,16578,[BUG] compute-sanitizer failure on `gtests/PARQUET_TEST` preventing its use in code reading parquet files,not_numerical_failure,crash_compile,adjudication_300,true
GNF-0039-1a4af8a4,cupy/cupy,9777,CuPy v14.0.0+ is buggy in a conda env,dtype_casting,dtype_casting,adjudication_300,false
GNF-0042-938c1ba1,jax-ml/jax,36766,`jnp.searchsorted` fails with symbolic shapes on the sorted dimension during `jax.export`,overflow_underflow,crash_compile,adjudication_300,true
GNF-0043-75ac4cd1,numba/numba,10325,test failures related to tolerance (corruption / refcounting),nan_inf,precision_tolerance,adjudication_300,true
GNF-0044-58d8c7b3,rapidsai/cudf,13233,[DOC] please update for Cuda 12xx,not_numerical_failure,not_numerical_failure,adjudication_300,false
GNF-0046-21fccfc5,jax-ml/jax,3411,Initial benchmarking of jax on some simple kernels,dtype_casting,performance_only,adjudication_300,true
GNF-0051-53841ba4,numba/numba,4713,Numba is not detecting the icc_rt libraries when installed with pip,not_numerical_failure,not_numerical_failure,adjudication_300,false
GNF-0052-c0b07407,jax-ml/jax,36886,shard_map + grad produces unexpected results on multi-device,dtype_casting,dtype_casting,adjudication_300,false
GNF-0054-d98d7afd,rapidsai/cudf,2543,"[BUG] dask_cudf, groupby mean is numerically instable",not_numerical_failure,precision_tolerance,adjudication_300,true
GNF-0055-6da9303a,numba/numba,2011,improve cuda gufunc: multiple output arguments,not_numerical_failure,not_numerical_failure,adjudication_300,false
GNF-0056-d1d1b50f,triton-lang/triton,6748,pointer should use int64 as its latent operating data type by default to avoid overflow,overflow_underflow,overflow_underflow,adjudication_300,false
GNF-0057-44d428bb,pytorch/pytorch,109074,torch.compile/triton holding GIL during compilation and CompiledKernel call results in deadlocks during distributed training,precision_tolerance,performance_only,adjudication_300,true
GNF-0061-039345f1,pytorch/pytorch,156786,[inductor] [cpu] `torch.nn.Embedding-torch.index_copy` outputs inconsistent results on cpu inductor,not_numerical_failure,not_numerical_failure,adjudication_300,false
GNF-0062-3cbef3ba,rapidsai/cudf,3554,cuDF failure when reading Avro files (Cannot parse metadata),nan_inf,crash_compile,adjudication_300,true
GNF-0063-a5f90bd9,pytorch/pytorch,142388,User-defined way to hook into Inductor autotuning (+ custom op),not_numerical_failure,not_numerical_failure,adjudication_300,false
GNF-0064-6c864f3b,triton-lang/triton,211,Comparison with @jax.jit?,overflow_underflow,not_numerical_failure,adjudication_300,true
GNF-0066-103332ec,pytorch/pytorch,169146,bad numerics for variable length attention with cudnn,dtype_casting,precision_tolerance,adjudication_300,true
GNF-0068-abb65bf7,numba/numba,7324,fast_matmul in docs example not working properly - returning wrong results,dtype_casting,not_numerical_failure,adjudication_300,true
GNF-0071-ca4885e3,numba/numba,4954,Running only CUDA tests results in strange crashes / failures,dtype_casting,crash_compile,adjudication_300,true
GNF-0072-9fba4417,rapidsai/cudf,7088,[BUG] Overflow ints with nulls is being inferred as float column in CSV reader,overflow_underflow,overflow_underflow,adjudication_300,false
GNF-0073-9d1db2bf,pytorch/pytorch,182928,[Inductor] Filter extremely bad triton configs by device information for triton heuristics,crash_compile,crash_compile,adjudication_300,false
GNF-0074-c730bac3,jax-ml/jax,30874,Conda Installation with Cuda,not_numerical_failure,not_numerical_failure,adjudication_300,false
GNF-0076-60dcd2da,rapidsai/cudf,3797,[BUG] Python avro unit test sporadically segfaults,not_numerical_failure,crash_compile,adjudication_300,true
GNF-0077-892468a4,triton-lang/triton,5065,triton 3.0.0 got FP8 GEMM precision issue with CUDA sm89,dtype_casting,dtype_casting,adjudication_300,false
GNF-0079-ec781ba7,triton-lang/triton,2398,`realloc(): invalid pointer` when parsing when Triton is built with clang,overflow_underflow,overflow_underflow,adjudication_300,false
GNF-0080-d86cbc25,rapidsai/cudf,22360,[BUG] cudf-polars streaming-mode broadcast bug,crash_compile,dtype_casting,adjudication_300,true
GNF-0083-c671b943,cupy/cupy,2066,Should introduce NumPy fallback mode,overflow_underflow,overflow_underflow,adjudication_300,false
GNF-0085-b4ddcf4b,rapidsai/cudf,406,cuDF printing mismatches formatting precision of Pandas DF printing,dtype_casting,not_numerical_failure,adjudication_300,true
GNF-0087-b5fe68e9,pytorch/pytorch,182952,"hipBLASLt path ignores backward fp16_alt_impl for Half GEMMs, causing FTZ in backward and silent training divergence on gfx90a",dtype_casting,overflow_underflow,adjudication_300,true
GNF-0089-074c6391,cupy/cupy,8697,Creating Array with Pinned Memory fails,dtype_casting,crash_compile,adjudication_300,true
GNF-0090-14f882db,rapidsai/cudf,21687,[DOC]: Update dask-cudf for dask-cuda jit-unspilling deprecation.,precision_tolerance,not_numerical_failure,adjudication_300,true
GNF-0091-f2cd4055,numba/numba,5640,guvectorize-CUDA broadcast fail,dtype_casting,dtype_casting,adjudication_300,false
GNF-0092-350f027f,triton-lang/triton,1670,Functional Regression in Latest Main,nan_inf,nan_inf,adjudication_300,false
GNF-0093-6cb318e0,jax-ml/jax,21708,"ndarray.at.set(mode=""drop"") gives incorrect value for the last element in the array",not_numerical_failure,precision_tolerance,adjudication_300,true
GNF-0094-5130df2b,triton-lang/triton,6054,Microscaling dtypes in triton?,overflow_underflow,dtype_casting,adjudication_300,true
GNF-0095-e46f2dc5,pytorch/pytorch,108670,torch.jit.script produces incorrect gradients,precision_tolerance,precision_tolerance,adjudication_300,false
GNF-0096-cc3502f6,numba/numba,7095,numba build fails with TBB,precision_tolerance,not_numerical_failure,adjudication_300,true
GNF-0098-a1e24269,numba/numba,2451,test case failure ( segmentation fault ) in ppc64le,overflow_underflow,crash_compile,adjudication_300,true
GNF-0099-8e08d802,triton-lang/triton,7354,Pipeline failed while executing TritonGPUAllocateWarpGroups,dtype_casting,crash_compile,adjudication_300,true
GNF-0101-ca19a99c,numba/numba,10353,"wsl Linker error log: ERROR 4 in nvvmAddNVVMContainerToProgram, may need newer version of nvJitLink library",not_numerical_failure,crash_compile,adjudication_300,true
GNF-0103-f835a9bf,jax-ml/jax,4493,Building on linux with ppc64le CPU,precision_tolerance,precision_tolerance,adjudication_300,false
GNF-0107-36abe955,numba/numba,4247,Dead Kernel WSL Debian on np.arctan(),not_numerical_failure,not_numerical_failure,adjudication_300,false
GNF-0108-049dae8c,rapidsai/cudf,21095,[BUG] Transpose result of the DataFrame is incorrect,not_numerical_failure,precision_tolerance,adjudication_300,true
GNF-0112-9ee80d72,cupy/cupy,9558,Make CCCL compilation warning-free,dtype_casting,not_numerical_failure,adjudication_300,true
GNF-0113-e024c338,cupy/cupy,9785,Create a numpy_cupy_allclose with `NULP` (or similar) mechanism,dtype_casting,not_numerical_failure,adjudication_300,true
GNF-0115-bd414dfb,jax-ml/jax,26689,Matrix multiply incorrect for large tensors,precision_tolerance,precision_tolerance,adjudication_300,false
GNF-0116-96b537db,numba/numba,4449,Incorrect output dtype for operations on arrays and scalars,dtype_casting,dtype_casting,adjudication_300,false
GNF-0118-6cddc10b,triton-lang/triton,506,[Feature Request] Support `__pow__` builtin,nan_inf,not_numerical_failure,adjudication_300,true
GNF-0121-d1cf86e9,numba/numba,5998,numba installation on nvidia Jetson,precision_tolerance,not_numerical_failure,adjudication_300,true
GNF-0122-2172f7de,rapidsai/cudf,17448,[BUG] Decimal division loses precision when dividing by decimals with fractional parts,dtype_casting,not_numerical_failure,adjudication_300,true
GNF-0123-b044c5aa,jax-ml/jax,24680,DLPack Support for np.uint16 seems broken,dtype_casting,not_numerical_failure,adjudication_300,true
GNF-0127-32017a62,cupy/cupy,5424,cupy gives Unknown error,overflow_underflow,crash_compile,adjudication_300,true
GNF-0129-c9f64c60,rapidsai/cudf,10591,[BUG] Passing a list to `StringMethods.strip` puts cuDF into a broken state,nan_inf,nan_inf,adjudication_300,false
GNF-0133-3e76eecf,cupy/cupy,6535,```cupyx.scipy.ndimage.zoom``` returns incorrect values,overflow_underflow,precision_tolerance,adjudication_300,true
GNF-0134-2006d4e1,pytorch/pytorch,180807,[inductor][static launcher] Missing runtime dtype validation for pointer-typed Triton args can silently produce incorrect results,dtype_casting,dtype_casting,adjudication_300,false
GNF-0135-51861a93,pytorch/pytorch,143288,EXCEPTION : /python3.11/distutils/core.py,overflow_underflow,crash_compile,adjudication_300,true
GNF-0136-a301f54e,cupy/cupy,7978,Performance Degradation in CuPy cuFFT: Runtime Increases from 6 Minutes to 10 Hours After Doubling Input Array Size,overflow_underflow,performance_only,adjudication_300,true
GNF-0137-1f5e2c55,cupy/cupy,7058,`cupyx.scipy.sparse.block_diag` working with cupy sparse matrix on GPU,performance_only,performance_only,adjudication_300,false
GNF-0140-0369d89c,triton-lang/triton,187,RuntimeError when running matrix mutliplication example : CUDA: Error- invalid ptx,overflow_underflow,crash_compile,adjudication_300,true
GNF-0142-fd6a822f,jax-ml/jax,32136,`jaxlib.xla_extension.XlaRuntimeError: INTERNAL: unsupported operands type` on f64 but not on f32,overflow_underflow,dtype_casting,adjudication_300,true
GNF-0144-bd760235,rapidsai/cudf,22157,"[FEA] libcudf implementation of ""intuitive"" decimal division",overflow_underflow,not_numerical_failure,adjudication_300,true
GNF-0145-13ae4b2a,rapidsai/cudf,18356,[QST] [Performance in pylibcudf with stream] Unexpected GIL ThreadSync and CUDASync in pylibcudf Parquet Reading,dtype_casting,not_numerical_failure,adjudication_300,true
GNF-0146-2fe36ae1,rapidsai/cudf,19710,[BUG] src/binaryop/binaryop.cpp.o compile failed jitify2 in cuda13,precision_tolerance,crash_compile,adjudication_300,true
GNF-0148-5dbeb416,triton-lang/triton,2513,Understanding Triton GEMM FP8 performance,dtype_casting,performance_only,adjudication_300,true
GNF-0152-d8097288,jax-ml/jax,28547,"`special.betainc`, `stdtr`, and `stdtrit` are very slow",not_numerical_failure,performance_only,adjudication_300,true
GNF-0154-a389b1a4,rapidsai/cudf,15750,[BUG] double free or memory corruption when parsing some JSON,nan_inf,nan_inf,adjudication_300,false
GNF-0155-6ad1750a,rapidsai/cudf,20484,[FEA]: Change default cudf-polars stream pool policy to `pool`,not_numerical_failure,not_numerical_failure,adjudication_300,false
GNF-0156-b72349bc,jax-ml/jax,17912,"AOT FLOPS Calculation Doesn't Work, HLO FLOPS Calculation Possibly Wrong",not_numerical_failure,precision_tolerance,adjudication_300,true
GNF-0159-f17202a4,pytorch/pytorch,182554,Release 2.12 validations checklist and cherry-picks,precision_tolerance,not_numerical_failure,adjudication_300,true
GNF-0162-297471a6,jax-ml/jax,32411,vjp3 + array refs produce incorrect gradient,not_numerical_failure,precision_tolerance,adjudication_300,true
GNF-0166-2dbedde8,rapidsai/cudf,8230,Remove `volatile` usage in `rolling_detail.cuh` where not required,not_numerical_failure,not_numerical_failure,adjudication_300,false
GNF-0167-13076e98,triton-lang/triton,8890,Binary `max` slow by 2.11× on size 1024,nan_inf,performance_only,adjudication_300,true
GNF-0171-20358422,jax-ml/jax,9591,Attempt to perform FFT requiring batched cufft plan of size > 4 GB causes coredump,dtype_casting,dtype_casting,adjudication_300,false
GNF-0174-e7b5adf3,numba/numba,9109,various seg faults on Debian arm64 with numba 0.57.1,overflow_underflow,overflow_underflow,adjudication_300,false
GNF-0175-551fdc3c,jax-ml/jax,37389,jax.custom_jvp produces non-deterministically wrong results (exact +2 offset) when called via vmap after processing other custom-pytree types in the same process,not_numerical_failure,precision_tolerance,adjudication_300,true
GNF-0176-0884dd43,rapidsai/cudf,28,Support for windows?,precision_tolerance,not_numerical_failure,adjudication_300,true
GNF-0178-7e3074ef,numba/numba,10116,[Feature request] Vulkan Target,not_numerical_failure,not_numerical_failure,adjudication_300,false
GNF-0179-0d2d153d,triton-lang/triton,8591,Proton buffer copyout is slower than it needs to be,performance_only,performance_only,adjudication_300,false
GNF-0183-0f27bf2e,triton-lang/triton,1535,Fast Math Support,not_numerical_failure,not_numerical_failure,adjudication_300,false
GNF-0184-5cb52bd8,rapidsai/cudf,16004,[QST] cudf and kvikio? (this is actually a question about implementing RDMA in another library),performance_only,not_numerical_failure,adjudication_300,true
GNF-0185-120804a6,rapidsai/cudf,20265,[BUG] Integer overflow in write_parquet for large tables.,overflow_underflow,overflow_underflow,adjudication_300,false
GNF-0186-6c92b3b9,cupy/cupy,5328,Unexpected error while assigning array element,overflow_underflow,crash_compile,adjudication_300,true
GNF-0187-2664d182,cupy/cupy,2742,Discussion on multi-GPU support for cuFFT and cuSOLVER,overflow_underflow,not_numerical_failure,adjudication_300,true
GNF-0189-2fcb9ca4,cupy/cupy,6229,Support more interpolation methods in `cupy.percentile` and `cupy.quantile`,nan_inf,nan_inf,adjudication_300,false
EGNF1000-0001-826741eb,pytorch/pytorch,175409,Choose rounding mode when casting to dtype,not_numerical_failure,dtype_casting,adjudication_300,true
EGNF1000-0009-39f6b041,jax-ml/jax,23007,Finite precision error calculations always 0 under JIT with bfloat16,precision_tolerance,dtype_casting,adjudication_300,true
EGNF1000-0010-2e91f962,cupy/cupy,8404,ndimage.correlate does not support `mode='grid-constant'`,dtype_casting,crash_compile,audit_119,true
EGNF1000-0011-4ba5974e,numba/numba,7063,Numba installation scripts exhibit a race condition during parallel builds,crash_compile,crash_compile,adjudication_300,false
EGNF1000-0012-0d4ce1cb,triton-lang/triton,1393,Stream-k matmul implementation very slow mostly because of if/else inside for loop,precision_tolerance,performance_only,adjudication_300,true
EGNF1000-0015-981238c6,jax-ml/jax,21403,jnp.cumsum is incorrect when sharding over summing axis on GPUs,not_numerical_failure,precision_tolerance,audit_119,true
EGNF1000-0017-d48c4d74,jax-ml/jax,23100,Passing `DeviceLocalLayout` to `jax.jit` causes incorrect outputs on GPU,not_numerical_failure,precision_tolerance,audit_119,true
EGNF1000-0019-cef0461a,jax-ml/jax,32978,BiCGStab Breakdown on GPU due to Order of Operations (not observed on CPU),not_numerical_failure,precision_tolerance,audit_119,true
EGNF1000-0020-b0121c48,jax-ml/jax,34696,Segmentation fault after upgrading to CUDA 13,crash_compile,crash_compile,adjudication_300,false
EGNF1000-0023-c9a13367,pytorch/pytorch,166789,[Flex Flash] Track down why different strided closures,precision_tolerance,precision_tolerance,adjudication_300,false
EGNF1000-0028-3ed20a82,rapidsai/cudf,16551,[BUG] Consider disabling managed memory in cudf.pandas on WSL2,performance_only,performance_only,adjudication_300,false
EGNF1000-0034-fbd5bace,rapidsai/cudf,5694,[BUG] cudf.read_csv doesn't detect byte order mark (BOM) at start of file.,dtype_casting,not_numerical_failure,adjudication_300,true
EGNF1000-0048-cae04f17,numba/numba,4647,help diagnosing a GPU performance issue,performance_only,performance_only,audit_119,false
EGNF1000-0060-80037eb7,jax-ml/jax,21900,Edge behavior in `jax.scipy.special.betainc`,nan_inf,precision_tolerance,audit_119,true
EGNF1000-0076-d51cfae4,jax-ml/jax,4115,Performance of index_update on GPU with complex double data type,precision_tolerance,performance_only,adjudication_300,true
EGNF1000-0077-f00ad38d,pytorch/pytorch,183391,"torch.fmin with CUDA out=int16 casts inputs before computation, producing incorrect result",precision_tolerance,dtype_casting,adjudication_300,true
EGNF1000-0083-fcb73630,apache/tvm,18895,[Bug]: Semantically equivalent ONNX graphs produce inconsistent ReduceMean results on CPU in TVM 0.9.0,precision_tolerance,precision_tolerance,audit_119,false
EGNF1000-0095-ca4951e3,rapidsai/cudf,15224,[FEA] Parquet reader should use LogicalType rather than ConvertedType,precision_tolerance,not_numerical_failure,adjudication_300,true
EGNF1000-0102-eaef1724,jax-ml/jax,32641,[CUDA] jax.lax.linalg.eigh outputs nan for complex128 matrix,nan_inf,nan_inf,audit_119,false
EGNF1000-0108-d1ce6d4d,pytorch/pytorch,151541,DISABLED test_remove_noop_view_dtype_cuda (__main__.GPUTests),performance_only,dtype_casting,adjudication_300,true
EGNF1000-0114-aeea4c0d,jax-ml/jax,21299,Can't build jaxlib in GH200,crash_compile,crash_compile,adjudication_300,false
EGNF1000-0116-050cd426,jax-ml/jax,26684,Pallas `matmul` doesn't match `jnp.matmul` with `interpret=True`,dtype_casting,precision_tolerance,audit_119,true
EGNF1000-0119-0aec2777,jax-ml/jax,27796,xla_gpu_deterministic_ops=true breaks simple indexing in jax,not_numerical_failure,precision_tolerance,audit_119,true
EGNF1000-0120-ebe1e750,jax-ml/jax,28416,Unsupported conversion from f8E4M3FN to bf16 with rounding mode rtne,precision_tolerance,dtype_casting,adjudication_300,true
EGNF1000-0126-aff4b1ad,pytorch/pytorch,181807,torch.linspace with integer dtype produces inconsistent results on CPU and CUDA,precision_tolerance,dtype_casting,adjudication_300,true
EGNF1000-0137-aaa29350,rapidsai/cuml,5343,[BUG] `import torch` + `cuml.NearestNeighbors` leads to nondeterministic segfault during Python process exit,dtype_casting,precision_tolerance,adjudication_300,true
EGNF1000-0139-5e05ba2a,rapidsai/cuml,5838,[BUG]Unexpectedly High Forecast Values in Batch Prediction with cuML's Auto ARIMA,dtype_casting,dtype_casting,adjudication_300,false
EGNF1000-0150-be49dbc5,apache/tvm,14947,[Bug] Wrong Result by nn.Dense and relay.Constant with TensorRT,precision_tolerance,precision_tolerance,audit_119,false
EGNF1000-0151-750fdaaa,apache/tvm,18899,[Bug]: Semantically equivalent ONNX graphs produce inconsistent Sin and Tan results on CPU in TVM 0.9.0,precision_tolerance,precision_tolerance,audit_119,false
EGNF1000-0152-fa2c68a4,apache/tvm,18900,[Bug]: Semantically equivalent ONNX graphs produce inconsistent Add results on CPU in TVM 0.9.0,precision_tolerance,precision_tolerance,audit_119,false
EGNF1000-0153-ba831728,apache/tvm,18901,[Bug]: Semantically equivalent ONNX graphs produce inconsistent Sin/ReduceSum results on CPU in TVM 0.9.0,precision_tolerance,precision_tolerance,audit_119,false
EGNF1000-0154-b1a349ae,apache/tvm,18902,[Bug] :Semantically equivalent ONNX graphs produce inconsistent concat outputs on CPU in TVM 0.9.0,precision_tolerance,precision_tolerance,audit_119,false
EGNF1000-0158-2c5a0cd1,jax-ml/jax,18535,Test failures: numerical error in`tests/qdwh_test.py::QdwhTest::testQdwhWithOnRankDeficientInput5`,crash_compile,precision_tolerance,adjudication_300,true
EGNF1000-0162-d35b43dd,jax-ml/jax,23626,"jax.lax.linalg.lu returns LU factorisation for singular matrix, jax.scipy.linalg.lu_solve silently returns spurious result in 32bit",nan_inf,precision_tolerance,audit_119,true
EGNF1000-0166-b67c222e,jax-ml/jax,27349,Gamma variate gradients don't seem to pass check_grads,crash_compile,precision_tolerance,adjudication_300,true
EGNF1000-0173-0cac6d02,jax-ml/jax,6685,Caching bug for jax.experimental.callback.rewrite for `jit` call inside `custom_gradient`,precision_tolerance,precision_tolerance,adjudication_300,false
EGNF1000-0181-7c505f14,pytorch/pytorch,175928,[release 2.11][vllm] Language Models Tests (Extra Standard) 1 test_models[float-jason9693/Qwen2.5-1.5B-apeach],dtype_casting,dtype_casting,adjudication_300,false
EGNF1000-0182-2ea1e93e,pytorch/pytorch,180026,DISABLED test_combo_kernel_yz_overflow (__main__.ComboKernelTestsPerSubkernelBlocks),overflow_underflow,overflow_underflow,adjudication_300,false
EGNF1000-0185-b933d61a,pytorch/pytorch,56440,Raise exception when torch.clamp min value underflows the input tensor's dtype,overflow_underflow,overflow_underflow,adjudication_300,false
EGNF1000-0195-fc65d4ee,triton-lang/triton,1756,triton always reports >0 register spills for kernels using sin/cos,performance_only,performance_only,adjudication_300,false
EGNF1000-0196-7d702a78,apache/tvm,13204,[Bug] MetaSchedule produce incorrect result when TensorCore is used,precision_tolerance,precision_tolerance,audit_119,false
EGNF1000-0197-fc1c905d,apache/tvm,19524,[Bug][Relax] `conv2d_transpose` produces wrong results on CUDA when `output_padding > 0`,precision_tolerance,precision_tolerance,audit_119,false
EGNF1000-0198-b2215873,apache/tvm,8296,[RFC][Tracking Issue][AMP] Tracking Issue for Mixed Precision Pass,precision_tolerance,dtype_casting,audit_119,true
EGNF1000-0203-c9a78d27,jax-ml/jax,22291,"Exception has occurred: FloatingPointError invalid value (nan) encountered in jit(convert_element_type). Because jax_config.debug_nans.value and/or config.jax_debug_infs is set, the de-optimized function (i.e., the function as if the `jit` decorator were removed) was called in an attempt to get a more precise error message. However, the de-optimized function did not produce invalid values during its execution.",nan_inf,nan_inf,audit_119,false
EGNF1000-0205-3beb1976,jax-ml/jax,24209,Support new dot Precision API in Pallas,not_numerical_failure,not_numerical_failure,audit_119,false
EGNF1000-0208-5fa50305,jax-ml/jax,36008,cudnn dot_product_attention backward drops manual sharding axes inside shard_map,dtype_casting,crash_compile,audit_119,true
EGNF1000-0209-4f218aa6,pytorch/pytorch,143821,triton.codegen_upcast_to_fp32 breaks bitcast/bitwise ops,dtype_casting,dtype_casting,adjudication_300,false
EGNF1000-0211-58897d8f,pytorch/pytorch,163462,GroupedMM triton template IMAs on B200,not_numerical_failure,not_numerical_failure,adjudication_300,false
EGNF1000-0213-80c94e48,rapidsai/cuml,1196,[BUG] [DEBT] THROW macro is unsafe,overflow_underflow,overflow_underflow,adjudication_300,false
EGNF1000-0218-13388562,pytorch/pytorch,182021,DISABLED test_generic_fp32_precision_propagates_to_cudnn_conv_rnn (__main__.TestFP32PrecisionFlags),precision_tolerance,precision_tolerance,adjudication_300,false
EGNF1000-0220-e3c838e9,rapidsai/cuml,2819,[TASK] Increase parallelism or sparse normalization prims,performance_only,performance_only,adjudication_300,false
EGNF1000-0222-f04b13e7,rapidsai/cuml,7341,[BUG]DBSCAN inconsistent results / hangs multiple GPUS,precision_tolerance,precision_tolerance,adjudication_300,false
EGNF1000-0225-164bae54,cupy/cupy,5846,RuntimeError: radix_sort: failed on 2nd step: cudaErrorInvalidValue: invalid argument,crash_compile,crash_compile,audit_119,false
EGNF1000-0227-0d31e64e,jax-ml/jax,37412,jaxlib: malformed pickled PyTreeDef can crash flatten_up_to,overflow_underflow,crash_compile,adjudication_300,true
EGNF1000-0229-40672469,pytorch/pytorch,162464,DISABLED test_return_aux_deprecation_warnings_cuda_float16 (__main__.TestFlexAttentionCUDA),performance_only,dtype_casting,adjudication_300,true
EGNF1000-0234-1b786da9,apache/tvm,18003,[Bug] The output of the TVM CPU backend is not identical with those of onnxruntime and TVM CUDA backend,crash_compile,precision_tolerance,audit_119,true
EGNF1000-0235-d348a4b1,cupy/cupy,8395,cupy-cuda11x==13.2.0 fails to detect GPU,crash_compile,crash_compile,audit_119,false
EGNF1000-0237-c462c7fb,jax-ml/jax,25846,'+ptx85' is not a recognized feature for this target (ignoring feature) ==> this issue occurs again,not_numerical_failure,crash_compile,audit_119,true
EGNF1000-0240-3f72ab7f,rapidsai/cuml,4359,[BUG] double free error on CentOS when import after torchvision.,not_numerical_failure,crash_compile,adjudication_300,true
EGNF1000-0242-0fabb4c9,rapidsai/cuml,6018,"[BUG] Wrong cuda version is derived, causing ""No module named 'pynvjitlink'""",precision_tolerance,precision_tolerance,adjudication_300,false
EGNF1000-0243-c438c027,rapidsai/cuml,7020,[BUG] Static build of CUML fails with cuvs::cuvs missing target,performance_only,crash_compile,adjudication_300,true
EGNF1000-0244-f9fda636,rapidsai/cuml,7294,[FEA] Implement `adjusted_mutual_info_score`,performance_only,not_numerical_failure,adjudication_300,true
EGNF1000-0248-2c868e0f,apache/tvm,18155,[Bug] Error occurred during tvm compilation,crash_compile,crash_compile,audit_119,false
EGNF1000-0249-b42d3cba,jax-ml/jax,20948,Performance Issue Report: JAX Slower Than Autograd on GPU and CPU Setups,performance_only,performance_only,audit_119,false
EGNF1000-0250-384bc5bd,rapidsai/cudf,21082,[BUG] `numeric_only=True` setting in `.count()` is ineffective,dtype_casting,dtype_casting,adjudication_300,false
EGNF1000-0251-e6604485,rapidsai/cuml,3577,[FEA] In-place k-select for sparse knn on string matching,precision_tolerance,not_numerical_failure,adjudication_300,true
EGNF1000-0253-4e82cb3f,triton-lang/triton,2200,feat(examples): implement vllm in triton,precision_tolerance,precision_tolerance,adjudication_300,false
EGNF1000-0254-b4436a76,triton-lang/triton,237,Segfault when using blocksparse matmul in attention,crash_compile,crash_compile,adjudication_300,false
EGNF1000-0257-f1fa726d,apache/tvm,6486,TVM v0.7 Release Note Candidate,dtype_casting,not_numerical_failure,audit_119,true
EGNF1000-0258-28bff1f9,cupy/cupy,8028,CUPY sosfilt_zi some SOS coefficients are not supported2,nan_inf,not_numerical_failure,audit_119,true
EGNF1000-0259-82d3afb2,cupy/cupy,8342,cupy do not suport two axis operation?,crash_compile,crash_compile,audit_119,false
EGNF1000-0260-43ecbb7d,cupy/cupy,9103,cupy-cuda114 v10.6.0 AttributeError: module 'cupy.cuda.cudnn' has no attribute 'getConvolution2dForwardOutputDim',crash_compile,crash_compile,audit_119,false
EGNF1000-0262-2a597689,numba/numba,5706,Please add support for Metal as GPU accelerator,performance_only,not_numerical_failure,adjudication_300,true
EGNF1000-0266-7b0a0d67,cupy/cupy,5208,Compilation Error,crash_compile,crash_compile,audit_119,false
EGNF1000-0267-487d92a1,cupy/cupy,8045,CUDA_ERROR_INVALID_SOURCE: device kernel image is invalid,crash_compile,crash_compile,audit_119,false
EGNF1000-0268-b9408abe,cupy/cupy,9402,CuPy cannot find `nvcc` despite it being in `/usr/local/cuda/bin` which is the Cuda root,crash_compile,crash_compile,audit_119,false
EGNF1000-0269-690306f7,jax-ml/jax,32873,"`jax.numpy.linalg.norm(A, 2)` uses lax svd, which is slower than eigh",performance_only,performance_only,audit_119,false
EGNF1000-0270-db8a3ff2,jax-ml/jax,3993,any suggestions on how to improve performance for gradient step with odeint?,performance_only,performance_only,audit_119,false
EGNF1000-0271-e4672126,rapidsai/cuml,2358,[BUG] T-SNE freezing in benchmarks,performance_only,performance_only,adjudication_300,false
EGNF1000-0277-ccbd58b0,triton-lang/triton,4729,/usr/bin/ld: cannot find -lNVGPUIR: No such file or directory,dtype_casting,crash_compile,adjudication_300,true
EGNF1000-0278-8bd5026b,apache/tvm,12327,"[Bug] Can not build the apk of ""android_camera"" in apps",precision_tolerance,crash_compile,audit_119,true
EGNF1000-0279-755ecca5,apache/tvm,14791,[Bug][MetaSchedule] DecomposeReduction Selected Incorrect Loop,precision_tolerance,precision_tolerance,audit_119,false
EGNF1000-0280-840fefa8,apache/tvm,4072,[CodeGen] LLVM codegen doesn't respect mfloat-abi=hard,precision_tolerance,precision_tolerance,audit_119,false
EGNF1000-0281-b85943ee,cupy/cupy,2157,ImportError: cannot import name 'core' from 'cupy.core',crash_compile,crash_compile,audit_119,false
EGNF1000-0282-ec5cb10f,jax-ml/jax,22682,jax.random.choice can return entries with zero probability,nan_inf,precision_tolerance,audit_119,true
EGNF1000-0283-5557fff7,jax-ml/jax,24909,Results do not match the reference. This is likely a bug/unexpected loss of precision,precision_tolerance,precision_tolerance,adjudication_300,false
EGNF1000-0284-edad17f7,numba/numba,5139,Numba can't vectorize simple loop,performance_only,performance_only,adjudication_300,false
EGNF1000-0285-86844761,numba/numba,9484,math.log2 should raise exception with invalid inputs,precision_tolerance,crash_compile,adjudication_300,true
EGNF1000-0287-bbc32ca7,apache/tvm,13364,"[Bug] Padded, quantized convolution operators give incorrect results on edges",precision_tolerance,precision_tolerance,audit_119,false
EGNF1000-0288-169e6f14,cupy/cupy,7565,Failed to import CuPy,crash_compile,crash_compile,audit_119,false
EGNF1000-0289-99eab5d4,cupy/cupy,8146,"Error when including `mma.h`: instance of overloaded function ""__half::__half"" matches the specified type",performance_only,crash_compile,audit_119,true
EGNF1000-0290-12f94739,cupy/cupy,8226,Failed to import CuPy,crash_compile,crash_compile,audit_119,false
EGNF1000-0291-7d9edfa8,cupy/cupy,9163,Failed to install with `poetry add cupy`,crash_compile,crash_compile,audit_119,false
EGNF1000-0293-de461d22,triton-lang/triton,2352,Inconsistent results between torch and triton for fp16 dtype,precision_tolerance,dtype_casting,adjudication_300,true
EGNF1000-0296-0d03f27d,triton-lang/triton,8775,[RFC] Exposing Scratch Buffer in ReduceOp to Eliminate Redundant Layout Conversion,not_numerical_failure,not_numerical_failure,adjudication_300,false
EGNF1000-0299-027dd47a,apache/tvm,16265,[Bug] build arm on windows broken,not_numerical_failure,crash_compile,audit_119,true
EGNF1000-0300-ae0dbb2d,apache/tvm,18708,[Bug] compile error,crash_compile,crash_compile,audit_119,false
EGNF1000-0301-85c7ebc9,apache/tvm,2692,[RFC] Winograd NNPACK for the ARM_CPU backend,crash_compile,not_numerical_failure,audit_119,true
EGNF1000-0302-95537cbd,cupy/cupy,6277,CURAND_STATUS_INITIALIZATION_FAILED,crash_compile,crash_compile,audit_119,false
EGNF1000-0304-34da1fd3,jax-ml/jax,19490,`log_softmax` and `softmax` are not numerically stable with `where` argument inside `vmap`,dtype_casting,nan_inf,audit_119,true
EGNF1000-0305-b855b138,jax-ml/jax,19573,log1p results are incorrect on complex inputs with large absolute value,nan_inf,precision_tolerance,audit_119,true
EGNF1000-0306-88f8d112,jax-ml/jax,22249,Incorrect cost_analysis() Flop Count on GPU for Dense layer/Dot product,crash_compile,precision_tolerance,adjudication_300,true
EGNF1000-0307-a1cc4981,jax-ml/jax,22413,all inputs are nans in a next step iterationwhile using `jax.scipy.optimize.minimize`,nan_inf,nan_inf,audit_119,false
EGNF1000-0309-79fefbe8,jax-ml/jax,23504,[Pallas GPU] The behavior of `jnp.sign(jnp.nan)` in Pallas GPU does not match that of JAX,nan_inf,nan_inf,audit_119,false
EGNF1000-0310-c4988591,jax-ml/jax,23717,"When calculating the loss, the input data does not contain NaN, but the output contains NaN",nan_inf,nan_inf,audit_119,false
EGNF1000-0311-b121247c,jax-ml/jax,24114,[Regression] Gradient explodes after upgrading to JAX 0.4.33 from 0.4.30,nan_inf,precision_tolerance,audit_119,true
EGNF1000-0314-db86d5ee,jax-ml/jax,24955,`debug_nans` error always says the de-optimized function did not produce NaNs,nan_inf,not_numerical_failure,audit_119,true
EGNF1000-0315-0fb0588d,jax-ml/jax,27265,Feature request: linalg.eig using nvidia cusolver,not_numerical_failure,not_numerical_failure,audit_119,false
EGNF1000-0316-15c4965d,jax-ml/jax,27606,Array API `default_device()` and `devices()` are incorrect,not_numerical_failure,not_numerical_failure,audit_119,false
EGNF1000-0317-3506c4b1,jax-ml/jax,33224,conv_general_dilated fails on older GPUs (compute cap < 7.5),crash_compile,crash_compile,adjudication_300,false
EGNF1000-0320-05b7809e,jax-ml/jax,36958,Unexpected result involving `scan` and `vmap`,not_numerical_failure,precision_tolerance,audit_119,true
EGNF1000-0322-68f1c2f4,numba/numba,5696,Too slow jit compilation of a function,performance_only,performance_only,adjudication_300,false
EGNF1000-0323-bfdd4c1e,pytorch/pytorch,108378,NCCL ISend is not asynchronous,crash_compile,crash_compile,adjudication_300,false
EGNF1000-0324-3cf41050,pytorch/pytorch,115416,torch.nn.functional.embedding segmentation fault on large negative ids,overflow_underflow,crash_compile,adjudication_300,true
EGNF1000-0325-a7b40dc1,pytorch/pytorch,135150,Undocumented fast pass behavior in nn.TransformerEncoderLayer causes failures in test_transformerencoderlayer_cuda_float32 (__main__.TestNNDeviceTypeCUDA),nan_inf,dtype_casting,adjudication_300,true
EGNF1000-0328-c086b924,pytorch/pytorch,141259,Consider relaxing torch.cond's requirement that the outputs of each branch have matching requires_grad metadata,not_numerical_failure,not_numerical_failure,adjudication_300,false
EGNF1000-0329-a819a3c4,pytorch/pytorch,141265,rope perf improvement,not_numerical_failure,not_numerical_failure,adjudication_300,false
EGNF1000-0330-b37b173e,pytorch/pytorch,141749,Incorrect error message on incorrect byte boundries on _scaled_mm on fp8,dtype_casting,precision_tolerance,adjudication_300,true
EGNF1000-0332-2fb17776,pytorch/pytorch,153071,Link check fails on link from comment in torch/_inductor/codegen/cpp.py to Stack Overflow,overflow_underflow,overflow_underflow,adjudication_300,false
EGNF1000-0336-b7b5db56,pytorch/pytorch,169857,"[ROCm] MIOpen 3D convolution kernel fails with ""invalid configuration argument"" for Qwen2.5-VL vision encoder - silent fallback causes severe performance regression",performance_only,performance_only,adjudication_300,false
EGNF1000-0340-171b578f,pytorch/pytorch,178447,Dynamo `TritonHOPifier.call_run` doesn't propagate kernel_source -> `AssertionError`: Can't construct an AttrSource without a valid base source,crash_compile,crash_compile,adjudication_300,false
EGNF1000-0342-9bffee42,pytorch/pytorch,180957,Missing CSE in TorchInductor,performance_only,performance_only,adjudication_300,false
EGNF1000-0344-80405f35,rapidsai/cudf,11247,[BUG] AllocateLikeTest fails when run with CUDA memory resource,crash_compile,crash_compile,adjudication_300,false
EGNF1000-0346-65022442,rapidsai/cudf,14676,[DOC] `10 Minutes to cuDF And Dask-cuDF` notebook shows jitify warning,precision_tolerance,not_numerical_failure,adjudication_300,true
EGNF1000-0352-cd2c8be1,apache/tvm,19534,[Tracking Issue][TFLite] Support quantized operator import in Relax frontend,dtype_casting,dtype_casting,audit_119,false
EGNF1000-0355-836d146e,triton-lang/triton,6293,[AMD] Enable BufferOps Support with tl.make_block_ptr,dtype_casting,performance_only,adjudication_300,true
EGNF1000-0358-53d33643,cupy/cupy,3127,About unified memory in Cupy,not_numerical_failure,not_numerical_failure,audit_119,false
EGNF1000-0359-612f303f,cupy/cupy,3892,ROCm: Support rocFFT,overflow_underflow,overflow_underflow,audit_119,false
EGNF1000-0360-ddebb31a,cupy/cupy,3941,matmul fails to handle overflows for uint64 properly,overflow_underflow,overflow_underflow,audit_119,false
EGNF1000-0361-3b70906b,cupy/cupy,4660,Catch incompatible CUDA version,crash_compile,not_numerical_failure,audit_119,true
EGNF1000-0362-417b0db2,cupy/cupy,5737,Overflow on computing pointers,overflow_underflow,overflow_underflow,audit_119,false
EGNF1000-0363-a7096ac2,cupy/cupy,6566,Matmul result overflowing despite casting to higher precision data type,overflow_underflow,overflow_underflow,audit_119,false
EGNF1000-0364-9630fdfe,cupy/cupy,6864,c_nnz overflowing,overflow_underflow,overflow_underflow,audit_119,false
EGNF1000-0366-b083cdc9,cupy/cupy,7872,Issue with piecewise log functions in Sympy->Cupy lambdify chain,not_numerical_failure,crash_compile,audit_119,true
EGNF1000-0368-154dcf61,cupy/cupy,8560,Implement cupy.ndarray == None and cupy.ndarray != None,nan_inf,not_numerical_failure,audit_119,true
EGNF1000-0372-14a7ddc5,numba/numba,4438,paralled numpy array error:,not_numerical_failure,crash_compile,adjudication_300,true
EGNF1000-0377-e9c1c448,numba/numba,9381,"Unexpected ""CUDA error: the launch timed out and was terminated"" or `CUDA_ERROR_LAUNCH_TIMEOUT`",not_numerical_failure,not_numerical_failure,adjudication_300,false
EGNF1000-0379-29f5d7c5,rapidsai/cuml,7236,[CI] test_kernel_density fails with numerical overflow due to mismatch in `score_samples` dtype,overflow_underflow,overflow_underflow,adjudication_300,false
EGNF1000-0380-4be61aa7,triton-lang/triton,1129,"Do tensors and corresponding operators such as reshape, ravel, dot in triton support >=3 dimensions?",not_numerical_failure,not_numerical_failure,adjudication_300,false
EGNF1000-0381-a2f7c534,jax-ml/jax,19751,Square on large complex(64) inputs return incorrect results,nan_inf,precision_tolerance,audit_119,true
EGNF1000-0382-b3d0d435,jax-ml/jax,26468,`linalg.lstsq` incorrectly returns nans,nan_inf,nan_inf,audit_119,false
EGNF1000-0383-102e94c7,jax-ml/jax,27088,"State of jax.scipy.special functions: tested by evaluation or autograd, incorrectness and missing functionality",nan_inf,precision_tolerance,audit_119,true
EGNF1000-0385-49bb4798,jax-ml/jax,35896,sharded x64 arange gives wrong results,overflow_underflow,precision_tolerance,adjudication_300,true
EGNF1000-0388-44da768e,jax-ml/jax,21282,simple pallas kernel hangs when input size exceeds some threshold,performance_only,crash_compile,audit_119,true
EGNF1000-0394-0478f57e,pytorch/pytorch,180156,GPU two-pass variance: intermediate squared values overflow float32. CPU Welford online algorithm avoids overflow.,nan_inf,overflow_underflow,adjudication_300,true
EGNF1000-0397-cd5e50b1,pytorch/pytorch,183901,torch.compile produces int32-overflowed results for int64 arange multiplication on CUDA,overflow_underflow,overflow_underflow,adjudication_300,false
EGNF1000-0400-e2904819,jax-ml/jax,24059,Edge case: Normal CDF incorrect when called with extremely small integer value if location is specified as integer array,nan_inf,precision_tolerance,adjudication_300,true
EGNF1000-0405-3afe4db3,jax-ml/jax,17198,JAX dtype conversion seems incorrect,dtype_casting,dtype_casting,audit_119,false
EGNF1000-0414-d40a4b00,pytorch/pytorch,115785,arctan2 fp16 error when optimising,nan_inf,dtype_casting,adjudication_300,true
EGNF1000-0417-da0aa931,pytorch/pytorch,153044,Unexpected float32 overflow for amp training with torch.compile,overflow_underflow,overflow_underflow,adjudication_300,false
EGNF1000-0418-9d93ce90,pytorch/pytorch,165892,"`torch.bmm`+`torch.compile` no longer works in 2.9, but worked in 2.8",performance_only,crash_compile,adjudication_300,true
EGNF1000-0424-35b87e7e,pytorch/pytorch,94333,cpu log1p for bfloat16 gives wrong result.,nan_inf,dtype_casting,adjudication_300,true
EGNF1000-0425-901b0426,rapidsai/cuml,5338,Got issue with OneHotEncoder output's datatype,nan_inf,nan_inf,adjudication_300,false
EGNF1000-0426-11b9f22d,triton-lang/triton,3491,triton generates unnecessary shared memory stores/loads,nan_inf,performance_only,adjudication_300,true
EGNF1000-0429-420d139f,jax-ml/jax,18573,"On GPU, jnp.min incorrectly returns 0 when reducing multiple axes over FP16 array",dtype_casting,precision_tolerance,audit_119,true
EGNF1000-0430-15ee5c57,jax-ml/jax,18595,Pallas FlashAttention fails with bfloat16 activations on TPU v3,dtype_casting,dtype_casting,audit_119,false
EGNF1000-0431-6a7ff4c4,jax-ml/jax,24491,Pallas Attention Kernel Wrong results when length of query != length of KV,precision_tolerance,precision_tolerance,adjudication_300,false
EGNF1000-0444-321a4026,rapidsai/cudf,10426,[BUG] .to_parquet() and .to_csv() fails and get OOM with large DataFrames.,dtype_casting,performance_only,adjudication_300,true
EGNF1000-0445-d9c1b5a4,rapidsai/cuml,3906,[BUG] Sporadic RFBatchedRegTests fail in CI,nan_inf,crash_compile,adjudication_300,true
EGNF1000-0446-fc8df679,rapidsai/cuml,4962,[BUG] Linear Regression: Hangs on non-finite inputs,nan_inf,nan_inf,adjudication_300,false
EGNF1000-0453-3486c79c,jax-ml/jax,32242,cuDNN dot_product_attention NaNs with FP32 bias,nan_inf,nan_inf,adjudication_300,false
EGNF1000-0454-2f6109c1,jax-ml/jax,35493,`jax.random.weibull_min` uses shape and dtype information incorrectly,dtype_casting,dtype_casting,audit_119,false
EGNF1000-0455-a55146cf,jax-ml/jax,35702,Add an `unroll` parameter to `while_loop`,performance_only,not_numerical_failure,audit_119,true
EGNF1000-0463-19ac1dbc,pytorch/pytorch,152279,Make scaler.step() return if step was skipped or not,overflow_underflow,overflow_underflow,adjudication_300,false
EGNF1000-0470-1c19119f,pytorch/pytorch,99640,Ban GradScaler scale from being less than 1,overflow_underflow,overflow_underflow,adjudication_300,false
EGNF1000-0475-84c6adf9,triton-lang/triton,9310,[Bug] Numerical Overflow in nvfp4 Block-Scaled MMA: Accumulator Saturation at High Scale Factors,nan_inf,overflow_underflow,adjudication_300,true
EGNF1000-0476-7634b988,jax-ml/jax,10420,[CPU] `np.linalg.eigh` outputs NaNs for matrix side size >=32767,not_numerical_failure,nan_inf,audit_119,true
EGNF1000-0479-4e142639,jax-ml/jax,26227,"jax.ops.segment_sum is 100x slower when segment_ids are sorted, but only for float16",dtype_casting,performance_only,audit_119,true
EGNF1000-0481-4549be35,jax-ml/jax,30176,"bfloat16, float16 not supported by lax.linalg.qr, scipy.linalg.expm",dtype_casting,dtype_casting,audit_119,false
EGNF1000-0485-15133c86,jax-ml/jax,36691,jax.export.deserialize().call() fails with internal XLA error for shard_map across 2x2 mesh,dtype_casting,crash_compile,audit_119,true
EGNF1000-0486-f74e7ee7,jax-ml/jax,37029,TPU `IsFusibleUnalignedDUS` crash on LLaMA rotate-half RoPE at head_dim=128,dtype_casting,crash_compile,audit_119,true
EGNF1000-0493-80459b2f,pytorch/pytorch,176091,Windows CPU: SDPA FlashAttention gives wrong results with multiple intra-op threads (mixed OpenMP runtimes),nan_inf,precision_tolerance,adjudication_300,true
EGNF1000-0497-7dbd0a61,pytorch/pytorch,179352,MPS: scaled_dot_product_attention produces incorrect results for large batch × sequence length combinations,overflow_underflow,precision_tolerance,adjudication_300,true
EGNF1000-0502-2da11a06,pytorch/pytorch,85791,nn.CrossEntropyLoss overflow with FP16 and minibatch,nan_inf,overflow_underflow,adjudication_300,true
EGNF1000-0503-7bb264d7,rapidsai/cudf,9065,[BUG] `cudaErrorInvalidValue` when creating cudf.Series from float16 CuPy Series,nan_inf,dtype_casting,adjudication_300,true
EGNF1000-0505-f9822e00,triton-lang/triton,5446,Triton generates incorrect MLIR code when assigning values to elements of a `tuple` in the body of an `if` statement,dtype_casting,precision_tolerance,adjudication_300,true
EGNF1000-0508-87d6352f,jax-ml/jax,17176,Support FP8 GEMM kernels which are already support in OpenXLA.,not_numerical_failure,not_numerical_failure,audit_119,false
EGNF1000-0509-75a70a17,jax-ml/jax,17402,"jax.debug.breakpoint() give numpy array and with bfloat16, it comptue",dtype_casting,dtype_casting,audit_119,false
EGNF1000-0510-1dbde10d,jax-ml/jax,17954,FFT implementation in float16,performance_only,dtype_casting,audit_119,true
EGNF1000-0511-c0160bf1,jax-ml/jax,23136,JAX segment_sum is two times slower for FP16 inputs than FP32 inputs,performance_only,performance_only,audit_119,false
EGNF1000-0515-471e3424,jax-ml/jax,30548,FP16 is considerably slower than FP32 on ROCm,performance_only,performance_only,audit_119,false
EGNF1000-0517-9e20e692,jax-ml/jax,34748,"Extremely slow performance of ""solve"" under JAX with bfloat16 and cuda configuration",performance_only,performance_only,audit_119,false
EGNF1000-0522-71a2c17a,pytorch/pytorch,175833,Duplicate SDPA Input Constraints,performance_only,performance_only,adjudication_300,false
EGNF1000-0527-629ee76a,rapidsai/cuml,5552,[BUG] Dask Multi-GPU logistic regression should convert dtypes if needed rather than fail,performance_only,dtype_casting,adjudication_300,true
EGNF1000-0529-e4e463bb,triton-lang/triton,10141,"[jit] missing fallback mechanism for `tl.dot`, resulting in different semantics from the INTERPERTER",precision_tolerance,not_numerical_failure,adjudication_300,true
EGNF1000-0530-610f50bc,triton-lang/triton,1942,"fp16 tl.sigmoid: ""Failed to translate TritonGPU to LLVM IR""",dtype_casting,dtype_casting,adjudication_300,false
EGNF1000-0531-fe93686b,triton-lang/triton,2028,Boardcast after elementwise mul,precision_tolerance,dtype_casting,adjudication_300,true
EGNF1000-0533-4deeb5cb,triton-lang/triton,3787,IndexError: map::at when doing torch.ops.matmul on fp32 matrices,precision_tolerance,crash_compile,adjudication_300,true
EGNF1000-0534-08710a68,triton-lang/triton,5632,BarrierOp in AssertOp lowering can cause deadlock,overflow_underflow,performance_only,adjudication_300,true
EGNF1000-0536-6775b044,jax-ml/jax,14679,np.linalg.norm should use numerically stable p-norms.,nan_inf,precision_tolerance,adjudication_300,true
EGNF1000-0537-e2722855,jax-ml/jax,18874,Segfault when using debug callback,overflow_underflow,crash_compile,adjudication_300,true
EGNF1000-0540-9923a347,jax-ml/jax,22313,FP8 XLA matmul fusion into `__cublas$lt$matmul$f8` not fully working,performance_only,performance_only,audit_119,false
EGNF1000-0542-3e5a507f,jax-ml/jax,23919,Add a fused multiply-add function,nan_inf,not_numerical_failure,adjudication_300,true
EGNF1000-0548-67af3390,jax-ml/jax,31426,Edit lax.convert_element_type to emit deprecation warning on overflow,overflow_underflow,overflow_underflow,adjudication_300,false
EGNF1000-0561-1ca3704a,pytorch/pytorch,120905,F.conv2d double precision error,nan_inf,crash_compile,adjudication_300,true
EGNF1000-0563-837b6a88,pytorch/pytorch,122021,Wishart: problems with singular samples.,not_numerical_failure,not_numerical_failure,adjudication_300,false
EGNF1000-0572-ceefe3be,pytorch/pytorch,35666,[discussion] Generic solutions for too-small-epsilon in FP16 training,nan_inf,not_numerical_failure,adjudication_300,true
EGNF1000-0575-08702b00,pytorch/pytorch,65815,Overflow error in torch.linalg uncaught,overflow_underflow,overflow_underflow,adjudication_300,false
EGNF1000-0578-f29ba210,rapidsai/cudf,12497,[FEA] category dtype support in parquet reader,not_numerical_failure,not_numerical_failure,adjudication_300,false
EGNF1000-0581-48acd71e,rapidsai/cudf,14618,[BUG] DIV on decimal types appears to lose fractional part,precision_tolerance,precision_tolerance,adjudication_300,false
EGNF1000-0585-e83587d7,rapidsai/cudf,20720,[BUG] Series setitem raises for safe cases in pandas compatibility mode,not_numerical_failure,not_numerical_failure,adjudication_300,false
EGNF1000-0593-d7e7f5f7,rapidsai/cuml,4036,[BUG] Calling `fit_transform` method renames columns and resets indices for multi-column input,precision_tolerance,precision_tolerance,adjudication_300,false
EGNF1000-0599-9371918f,triton-lang/triton,2296,INT8 overflow on matmul,overflow_underflow,overflow_underflow,adjudication_300,false
EGNF1000-0605-75581e29,cupy/cupy,9005,`cp.inf` still cannot be fused with cp.where and cp.newaxis,nan_inf,crash_compile,audit_119,true
EGNF1000-0606-2506ee32,jax-ml/jax,11705,Bfloat16 matrix multiply is slower than FP16 on A100,performance_only,performance_only,audit_119,false
EGNF1000-0607-ba90f2c9,jax-ml/jax,16673,Wider support for FP8 datatypes,performance_only,dtype_casting,audit_119,true
EGNF1000-0609-e556bed8,jax-ml/jax,21352,`jax.lax.random_gamma_grad` has very slow convergence for large inputs,performance_only,precision_tolerance,audit_119,true
EGNF1000-0611-69dad14f,jax-ml/jax,23337,`jnp.pow()` triggers dtype promotion when it should not,dtype_casting,dtype_casting,adjudication_300,false
EGNF1000-0614-7bf48825,jax-ml/jax,32941,Implicit dtype promotion for float8 and int4,dtype_casting,dtype_casting,adjudication_300,false
EGNF1000-0617-9615e701,jax-ml/jax,36799,lax.scan with float64 3×3 matrix carry is ~10× slower on CPU in JAX 0.4.33 vs 0.4.31 (float32 unaffected),dtype_casting,performance_only,adjudication_300,true
EGNF1000-0626-c9ee41e8,pytorch/pytorch,146129,torch.compile on Mamba2 model produces NaNs,dtype_casting,crash_compile,adjudication_300,true
EGNF1000-0627-71bd8bb3,pytorch/pytorch,149187,Issue with Shared CUDA Tensor Reference Counting in Multi-Processing,not_numerical_failure,not_numerical_failure,adjudication_300,false
EGNF1000-0632-334f4700,pytorch/pytorch,180681,DISABLED test_run2run_determinism_model_name_GoogleFnet_training_or_inference_inference_precision_float32 (__main__.DeterministicTest),precision_tolerance,dtype_casting,adjudication_300,true
EGNF1000-0635-1784c420,pytorch/pytorch,183812,`torch.scatter_reduce` CPU performance regression (~15–58×) introduced in 2.13.0.,performance_only,performance_only,adjudication_300,false
EGNF1000-0646-9d6d3d7b,rapidsai/cuml,3816,[BUG] TSNE computation stuck at gradient updates,nan_inf,precision_tolerance,adjudication_300,true
EGNF1000-0651-2c5e1d93,rapidsai/cuml,5749,"[DOC] On the first execution of certain cuml features, a [jitify] File Not Found error is returned",overflow_underflow,not_numerical_failure,adjudication_300,true
EGNF1000-0652-8b3596cf,rapidsai/cuml,6694,[dask-cuda] Memory corruption and worker crashes in cuML KMeans with large datasets,dtype_casting,crash_compile,adjudication_300,true
EGNF1000-0653-1a746736,rapidsai/cuml,6736,`ElasticNet.fit` causes cublas error on large enough data,overflow_underflow,crash_compile,adjudication_300,true
EGNF1000-0662-1807e81a,triton-lang/triton,5522,"max(tensor, axis = 1) doesn't work without TRITON_INTERPRET=1",nan_inf,nan_inf,adjudication_300,false
EGNF1000-0664-a1d2fd78,triton-lang/triton,8518,"For split_k > 1, microscaling works incorrectly.",not_numerical_failure,precision_tolerance,adjudication_300,true
EGNF1000-0665-b82baf61,apache/tvm,19435,"[Bug] [Relax][ONNX] ScatterElements ignores `reduction` attribute, silently produces wrong results",precision_tolerance,precision_tolerance,audit_119,false
EGNF1000-0666-8c31e9dd,cupy/cupy,9106,CUDA_ERROR_NO_BINARY_FOR_GPU ( on 5080 / sm_120),dtype_casting,crash_compile,audit_119,true
EGNF1000-0668-a12f97c0,jax-ml/jax,23689,Build issues with local CUDA installation,precision_tolerance,precision_tolerance,adjudication_300,false
EGNF1000-0673-b0581928,numba/numba,9592,cumprod method doesn't upcast unsigned integer array,precision_tolerance,dtype_casting,adjudication_300,true
EGNF1000-0674-22eb7bb2,numba/numba,9628,lack of overflow check and incorrect type init when using jitclass,overflow_underflow,overflow_underflow,adjudication_300,false
EGNF1000-0678-588c853d,pytorch/pytorch,180019,DISABLED test_combo_kernel_yz_overflow (__main__.ComboKernelTests),overflow_underflow,overflow_underflow,adjudication_300,false
EGNF1000-0683-58ed32db,pytorch/pytorch,180948,DISABLED test_emulate_precision_casts_preserves_explicit_precision_cast_float16 (__main__.CudaReproTests),precision_tolerance,dtype_casting,adjudication_300,true
EGNF1000-0684-0fa9d591,pytorch/pytorch,182766,`torch.compile` crashes on SDPA backward when head_dim is not a multiple of 16,overflow_underflow,crash_compile,adjudication_300,true
EGNF1000-0695-cdf254ae,rapidsai/cuml,6046,Serialization problem with GridSearchCV,not_numerical_failure,not_numerical_failure,adjudication_300,false
EGNF1000-0705-b16bcbd0,triton-lang/triton,6224,triton.autotune failed when the matrix's shape changed: [CUDA error] an illegal memory access was encountered,precision_tolerance,crash_compile,adjudication_300,true
EGNF1000-0707-000d7be3,triton-lang/triton,9703,[Perf] TMA descriptor load followed by reduce regresses in 3.6.0 compared to 3.5.1,performance_only,performance_only,adjudication_300,false
EGNF1000-0708-89e6d122,apache/tvm,18698,[Bug] The Onnx Frontend incorrectly mapping the Operator implementation version,precision_tolerance,precision_tolerance,audit_119,false
EGNF1000-0709-e6bd073f,cupy/cupy,1198,"`cupy.cuda.function.Function` expects `grid` & `block` as (w, h) but convention is (h, w)",dtype_casting,not_numerical_failure,audit_119,true
EGNF1000-0710-c692fe66,jax-ml/jax,10374,"numerical instability under different shapes in `jnp.linalg.norm` when `ord=""fro""`",precision_tolerance,precision_tolerance,adjudication_300,false
EGNF1000-0711-53cec17c,jax-ml/jax,12145,Float16 behavior affect by jax_enable_x64,dtype_casting,dtype_casting,adjudication_300,false
EGNF1000-0713-ec12f682,jax-ml/jax,12774,Faster histogram implementation and slow existing JAX implementation,overflow_underflow,performance_only,adjudication_300,true
EGNF1000-0716-bd77ee48,jax-ml/jax,17722,add jax_debug_infs to docs,not_numerical_failure,not_numerical_failure,audit_119,false
EGNF1000-0720-f1d1cab6,jax-ml/jax,26566,Saturating arithmetic,overflow_underflow,not_numerical_failure,adjudication_300,true
EGNF1000-0723-208b9941,jax-ml/jax,3302,bfloat16/float32 memory requirements seem off,precision_tolerance,dtype_casting,adjudication_300,true
EGNF1000-0727-be426ba1,jax-ml/jax,36927,Performance regression in batched jnp.linalg.solve on CPU from jax/jaxlib 0.9.2 to 0.10.0,performance_only,performance_only,audit_119,false
EGNF1000-0732-9a4c7802,pytorch/pytorch,129122,Questions about CVE-2024-31583 and CVE-2024-31580,overflow_underflow,not_numerical_failure,adjudication_300,true
EGNF1000-0734-bed1028a,pytorch/pytorch,146508,Something very wrong with float16 CPU implementation,dtype_casting,dtype_casting,adjudication_300,false
EGNF1000-0737-21e044b8,pytorch/pytorch,181663,torch.softmax is not a true alias for torch.nn.functional.softmax,dtype_casting,not_numerical_failure,adjudication_300,true
EGNF1000-0738-c6dd8661,pytorch/pytorch,65607,torch.dtype is int in JIT instead of torch.dtype,precision_tolerance,dtype_casting,adjudication_300,true
EGNF1000-0740-6d63996e,rapidsai/cudf,12274,[BUG] fillna with dataframe containing list dtypes fails,crash_compile,dtype_casting,adjudication_300,true
EGNF1000-0748-0d96a78a,rapidsai/cudf,20303,[BUG] `cudf.read_parquet` can fail when reading files with empty DataFrame,precision_tolerance,crash_compile,adjudication_300,true
EGNF1000-0750-1cae8718,rapidsai/cudf,20728,[BUG] `cudf.pandas` can not cast `timestamp` value into `datetime`,dtype_casting,dtype_casting,adjudication_300,false
EGNF1000-0751-57f3c6c2,rapidsai/cudf,20752,[BUG] `cudf` and `cudf.pandas` error read mixed numeric and boolean data from csv,crash_compile,crash_compile,adjudication_300,false
EGNF1000-0753-dcaa3685,rapidsai/cudf,21093,[BUG] `inplace=True` setting in `.rename()` is invalid,crash_compile,crash_compile,adjudication_300,false
EGNF1000-0764-6ee6b355,rapidsai/cudf,8915,[FEA] A `cudf.dtype` function similar to `np.dtype(...)`,not_numerical_failure,not_numerical_failure,adjudication_300,false
EGNF1000-0766-412d6486,rapidsai/cudf,9981,[BUG] `DataFrame.merge` does not assign `dtype` as expected in result as pandas does,precision_tolerance,dtype_casting,adjudication_300,true
EGNF1000-0767-eaded92c,rapidsai/cuml,1184,[FEA] IntType template parameter for SVM,overflow_underflow,not_numerical_failure,adjudication_300,true
EGNF1000-0777-bbe6c72c,jax-ml/jax,34269,RNN tests failing on ROCm,overflow_underflow,overflow_underflow,adjudication_300,false
EGNF1000-0778-b65113df,jax-ml/jax,34512,Unsupported ROCm Tests `tests/fused_attention_stablehlo_test.py`,dtype_casting,dtype_casting,adjudication_300,false
EGNF1000-0779-45f9efc9,jax-ml/jax,35930,Document constant folding of jnp.arange,not_numerical_failure,not_numerical_failure,audit_119,false
EGNF1000-0781-b2b5ad54,pytorch/pytorch,176975,DISABLED test_nan_assert_float8_e5m2 (__main__.ProcessGroupNCCLGroupTest),dtype_casting,dtype_casting,adjudication_300,false
EGNF1000-0782-ef06f89e,pytorch/pytorch,177006,DISABLED test_nan_assert_float32 (__main__.ProcessGroupNCCLGroupTest),not_numerical_failure,dtype_casting,adjudication_300,true
EGNF1000-0783-55e18c5b,pytorch/pytorch,177007,DISABLED test_nan_assert_float8_e4m3fn (__main__.ProcessGroupNCCLGroupTest),dtype_casting,dtype_casting,adjudication_300,false
EGNF1000-0790-a5d860eb,triton-lang/triton,9247,Feature Request: Optional 64-bit indexing for block pointer offsets,performance_only,not_numerical_failure,adjudication_300,true
EGNF1000-0796-dbcc370b,numba/numba,3898,np.ediff1d stricter type checking than numpy,dtype_casting,dtype_casting,adjudication_300,false
EGNF1000-0799-6769b448,jax-ml/jax,11478,Bogus gradient value from value_and_grad for committed DeviceArray on a multi-GPU host,not_numerical_failure,precision_tolerance,adjudication_300,true
EGNF1000-0807-f618dbc2,jax-ml/jax,29470,"`jit` compiled function overhead, help for PyTree registration",performance_only,performance_only,audit_119,false
EGNF1000-0809-8c029072,pytorch/pytorch,104698,Incorrect Error Message Ordering for nn.AdaptiveAvgPool2d with Incorrect output_size,not_numerical_failure,precision_tolerance,adjudication_300,true
EGNF1000-0816-8eed129a,pytorch/pytorch,153737,SystemError: PY_SSIZE_T_CLEAN macro must be defined for '#' formats - PyTorch compile fails with Python 3.12,overflow_underflow,crash_compile,adjudication_300,true
EGNF1000-0818-189467a4,pytorch/pytorch,154947,[Inductor] why `TORCHINDUCTOR_MAX_AUTOTUNE_GEMM_BACKENDS=TRITON` does NOT work?,not_numerical_failure,not_numerical_failure,adjudication_300,false
EGNF1000-0822-5c8abb5d,pytorch/pytorch,161132,The Inductor test suite test_torchinductor_opinfo was incorrectly disabled on all devices except CUDA.,not_numerical_failure,precision_tolerance,adjudication_300,true
EGNF1000-0830-7216e65d,pytorch/pytorch,174469,[RFC] Overview of Test Case Refactoring in PyTorch,not_numerical_failure,not_numerical_failure,adjudication_300,false
EGNF1000-0831-e007e021,pytorch/pytorch,175058,torch.compile VRAM usage regression between 2.9.1 and 2.10.0,performance_only,crash_compile,adjudication_300,true
EGNF1000-0833-141a060e,pytorch/pytorch,178145,"Large fp32 discrepancy in LeNet5Fashion conv2 output on CUDA eager baseline, with similar error against both CUDA compile and CPU eager",crash_compile,crash_compile,adjudication_300,false
EGNF1000-0836-19f9c09a,pytorch/pytorch,181864,[Inductor] User kernel pointer arg with no `tl.load`/`tl.store` incorrectly eliminated when epilogue fusion enabled,crash_compile,precision_tolerance,adjudication_300,true
EGNF1000-0837-98351031,pytorch/pytorch,182446,Missing bounds check in round_size() causes zero-size block and double allocation,overflow_underflow,overflow_underflow,adjudication_300,false
EGNF1000-0841-3b46b48f,rapidsai/cudf,13309,[DOC] dask-cudf starter example on docs page fails,not_numerical_failure,not_numerical_failure,adjudication_300,false
EGNF1000-0843-54d5555b,rapidsai/cudf,15156,[BUG] Memcheck global read error in `DistinctJoinTest.IntegerInnerJoin`,not_numerical_failure,crash_compile,adjudication_300,true
EGNF1000-0852-8a1e9435,rapidsai/cudf,3719,"[BUG] dask groupby-aggregation results are missing keys, causing incorrect values",not_numerical_failure,precision_tolerance,adjudication_300,true
EGNF1000-0857-022ba166,rapidsai/cuml,5212,[BUG] Reduce memory footprint of mnmg kmeans,performance_only,performance_only,adjudication_300,false
EGNF1000-0860-9b12458d,rapidsai/cuml,7061,[Epic] Improve sklearn compatibility,not_numerical_failure,not_numerical_failure,adjudication_300,false
EGNF1000-0863-760b7fec,triton-lang/triton,4219,cross-compile triton kernels with tools/compile.py,precision_tolerance,crash_compile,adjudication_300,true
EGNF1000-0864-0eb251f5,apache/tvm,12630,[Bug] [Optimization] Incorrect results with optimization level 3 and 4,precision_tolerance,precision_tolerance,audit_119,false
EGNF1000-0866-28aa120e,jax-ml/jax,31626,pmap broken on 8 x NVIDIA L40s?,precision_tolerance,precision_tolerance,adjudication_300,false
EGNF1000-0868-f1a0a577,jax-ml/jax,8853,host_callback primitives are not usable under xla.lower_fun,crash_compile,crash_compile,adjudication_300,false
EGNF1000-0869-584b4190,pytorch/pytorch,178317,[inductor] Tolerances in test_remove_no_ops have to be lowered with native matmul,precision_tolerance,precision_tolerance,adjudication_300,false
EGNF1000-0873-a6bc9fba,rapidsai/cuml,6910,[BUG] CUDA_ERROR_ILLEGAL_ADDRESS issue with cuML UMAP,precision_tolerance,crash_compile,adjudication_300,true
EGNF1000-0874-daafc1ab,apache/tvm,5003,[VTA][Chisel] deploy classification not working when timer() is used,not_numerical_failure,crash_compile,audit_119,true
EGNF1000-0875-f49450f5,numba/numba,6067,Failure to spot runaway recursion,overflow_underflow,crash_compile,adjudication_300,true
EGNF1000-0886-20090900,jax-ml/jax,31257,Simple missed compiler optimization?,crash_compile,crash_compile,adjudication_300,false
EGNF1000-0890-e093321c,pytorch/pytorch,169392,hipblaslt insufficient MI300 TF32 accuracy for certain pytorch unit tests,precision_tolerance,dtype_casting,adjudication_300,true
EGNF1000-0892-40f0d8e8,pytorch/pytorch,18730,Numerical instability KL divergence RelaxedOneHotCategorical,crash_compile,precision_tolerance,adjudication_300,true
EGNF1000-0893-ad885b81,rapidsai/cuml,2933,[BUG] Sporadic KBinsDiscretizer pytests fail with quantile strategy,crash_compile,crash_compile,adjudication_300,false
EGNF1000-0894-e9ac302e,rapidsai/cuml,3972,[BUG] cannot use local RAFT in get_raft.cmake for building cuML this support is broken,not_numerical_failure,not_numerical_failure,adjudication_300,false
EGNF1000-0903-c608ae65,cupy/cupy,8261,`cupy.cuda.compile_with_cache` vs `cupy.RawModule`,precision_tolerance,not_numerical_failure,adjudication_300,true
EGNF1000-0905-a5c799ec,triton-lang/triton,7982,Bug: tt.dot_scaled fails with multi-CTA (num_ctas > 1),not_numerical_failure,crash_compile,adjudication_300,true
EGNF1000-0906-9b32a3b4,cupy/cupy,2334,Overflow warning in CI,overflow_underflow,overflow_underflow,audit_119,false
EGNF1000-0907-a2cef793,cupy/cupy,2390,I recently change an entire codebase from numpy to cupy only to get an error saying: cupy can not run on a singly GPU. Please is there a way to run a on a single GPU?,overflow_underflow,not_numerical_failure,audit_119,true
EGNF1000-0908-a2ef7287,cupy/cupy,2438,Need more information on: unsatisfied condition: cuda >= 9.2,overflow_underflow,not_numerical_failure,audit_119,true
EGNF1000-0909-ed65cc53,cupy/cupy,2537,cupy.cuda.memory.OutOfMemoryError,overflow_underflow,crash_compile,audit_119,true
EGNF1000-0910-16ea18f0,cupy/cupy,4197,[Bug Fix] This is an error why I tried to check two columns,overflow_underflow,not_numerical_failure,audit_119,true
EGNF1000-0911-31c5366f,cupy/cupy,4608,original error: libcudart.so.10.2: cannot open shared object file: No such file or directory,overflow_underflow,crash_compile,audit_119,true
EGNF1000-0912-1d949622,cupy/cupy,4729,b,overflow_underflow,not_numerical_failure,audit_119,true
EGNF1000-0913-570b8eb7,cupy/cupy,5010,"cupyx.scipy.signal.convolve2d: cannot open source file ""utility""",overflow_underflow,crash_compile,audit_119,true
EGNF1000-0914-fb31ad98,cupy/cupy,5044,AttributeError: module 'cupy' has no attribute 'util',overflow_underflow,crash_compile,audit_119,true
EGNF1000-0915-c086819a,cupy/cupy,5503,Inconsistent behavior between numpy and cupy when handling shapes in array creation,overflow_underflow,not_numerical_failure,audit_119,true
EGNF1000-0916-b4ddc061,cupy/cupy,6047,cupyx.scipy.signal.convolve2d: integer overflow when using mixed dtypes,overflow_underflow,overflow_underflow,audit_119,false
EGNF1000-0917-679d7779,cupy/cupy,8014,`argmax` overflows for large arrays,overflow_underflow,overflow_underflow,audit_119,false
EGNF1000-0918-19d5d210,cupy/cupy,8633,Can't compile on Arch Linux with `cudnn 9.2.1.18` and cuda `12.6.1`,overflow_underflow,crash_compile,adjudication_300,true
EGNF1000-0919-88e41cff,cupy/cupy,8731,Sparse CS Matrices: Index int32 dtype can overflow during concatenation,overflow_underflow,overflow_underflow,adjudication_300,false
EGNF1000-0920-da5f7b97,jax-ml/jax,37006,`jnp.take_along_axis` fails to lower in Mosaic TPU,dtype_casting,crash_compile,adjudication_300,true
EGNF1000-0927-72bc4252,pytorch/pytorch,29528,Half precision cdist,not_numerical_failure,dtype_casting,adjudication_300,true
EGNF1000-0938-5b514bed,triton-lang/triton,9719,Host TensorDescriptor vs. device tensor descriptor creation not producing similar outputs,crash_compile,crash_compile,adjudication_300,false
EGNF1000-0939-a805e084,apache/tvm,12373,[Bug] Misuse of reduce_axis,precision_tolerance,precision_tolerance,audit_119,false
EGNF1000-0944-4c50d62a,jax-ml/jax,30593,`jax.nn.dot_product_attention` cuDNN implementation only supports bias gradient when the batch size is 1 while cuDNN frontend attention documentation states that forward and backward conditions are the same.,dtype_casting,not_numerical_failure,adjudication_300,true
EGNF1000-0946-13e25b18,numba/numba,6465,PPC lowering error from changes on optimization passes,overflow_underflow,crash_compile,adjudication_300,true
EGNF1000-0947-c623095b,pytorch/pytorch,183401,[inductor][cpu] resnet50_quantized_qat CPP wrapper torch._inductor.exc.InductorError: CppCompileError: C++ compile error in 2026-05-11 nightly release,performance_only,crash_compile,adjudication_300,true
EGNF1000-0949-b0380285,rapidsai/cuml,7705,[CI] Flaky SG_TSNE_TEST failure with BreastCancer dataset and KNN Barnes-Hut,crash_compile,crash_compile,adjudication_300,false
EGNF1000-0956-fefca249,triton-lang/triton,4475,[Bug] Compiler error in 06-fused-attention.py,precision_tolerance,crash_compile,adjudication_300,true
EGNF1000-0976-db0ca9f0,jax-ml/jax,34330,Avoid extraneous upcast in backwards pass of dot_general,dtype_casting,dtype_casting,adjudication_300,false
EGNF1000-0993-da45fd5a,rapidsai/cuml,3311,[FEA] Add implementation for average precision recall score.,not_numerical_failure,not_numerical_failure,adjudication_300,false
EGNF1000-0994-14243767,rapidsai/cuml,3580,[FEA] Support cuDF dataframes with Decimal dtype columns as input to estimators,performance_only,not_numerical_failure,adjudication_300,true
