expansion_id,repository,title,url,candidate_primary_failure,svm_prediction,logistic_prediction,bigram_prediction,naive_bayes_prediction,vote_prediction,vote_confidence,human_gold_status
EGNF-0001-7d6af292,numba/numba,OSError: exception: access violation reading ... in nvvm.py,https://github.com/numba/numba/issues/4783,crash_compile,dtype_casting,dtype_casting,dtype_casting,dtype_casting,dtype_casting,high,suggestion_only_not_gold
EGNF-0002-5eeebfe9,numba/numba,CUDA malloc. Fatal Python error: Aborted,https://github.com/numba/numba/issues/4833,crash_compile,dtype_casting,dtype_casting,dtype_casting,dtype_casting,dtype_casting,high,suggestion_only_not_gold
EGNF-0003-382601ef,numba/numba,Strides of transposes differ between CUDA target and Numpy,https://github.com/numba/numba/issues/4974,crash_compile,dtype_casting,dtype_casting,dtype_casting,dtype_casting,dtype_casting,high,suggestion_only_not_gold
EGNF-0004-ff555c52,numba/numba,"Intel TBB is required, no threading layer could be loaded, however TBB is already installed",https://github.com/numba/numba/issues/5982,crash_compile,dtype_casting,dtype_casting,dtype_casting,dtype_casting,dtype_casting,high,suggestion_only_not_gold
EGNF-0005-4ba5974e,numba/numba,Numba installation scripts exhibit a race condition during parallel builds,https://github.com/numba/numba/issues/7063,crash_compile,precision_tolerance,dtype_casting,dtype_casting,precision_tolerance,dtype_casting,low,suggestion_only_not_gold
EGNF-0006-b43608f4,numba/numba,Silently incorrect compilation involving nested functions and asserts,https://github.com/numba/numba/issues/7916,crash_compile,not_numerical_failure,dtype_casting,dtype_casting,dtype_casting,dtype_casting,medium,suggestion_only_not_gold
EGNF-0007-8dd09989,numba/numba,CUDA; Need to handle incorrect `CUDA_HOME` more gracefully,https://github.com/numba/numba/issues/9241,crash_compile,dtype_casting,dtype_casting,dtype_casting,overflow_underflow,dtype_casting,medium,suggestion_only_not_gold
EGNF-0008-5814ed26,numba/numba,Pass NULL pointer for cffi.FFI().from_buffer(empty array),https://github.com/numba/numba/issues/9654,crash_compile,dtype_casting,dtype_casting,dtype_casting,dtype_casting,dtype_casting,high,suggestion_only_not_gold
EGNF-0009-e36488c5,rapidsai/cudf,[BUG]CUDA_ERROR_NO_DEVICE,https://github.com/rapidsai/cudf/issues/14343,crash_compile,dtype_casting,dtype_casting,dtype_casting,dtype_casting,dtype_casting,high,suggestion_only_not_gold
EGNF-0010-ee62d45c,cupy/cupy,Get segmentation fault with FFT callback function,https://github.com/cupy/cupy/issues/5296,dtype_casting,dtype_casting,dtype_casting,dtype_casting,overflow_underflow,dtype_casting,high,suggestion_only_not_gold
EGNF-0011-83b29bbf,cupy/cupy,center_of_mass much slower than expected?,https://github.com/cupy/cupy/issues/7046,dtype_casting,overflow_underflow,overflow_underflow,dtype_casting,overflow_underflow,overflow_underflow,medium,suggestion_only_not_gold
EGNF-0012-95fad325,cupy/cupy,cusolver error: CUSOLVER_STATUS_INVALID_VALUE for large matrices when trying `linalg.eigh`,https://github.com/cupy/cupy/issues/7261,dtype_casting,dtype_casting,dtype_casting,dtype_casting,dtype_casting,dtype_casting,high,suggestion_only_not_gold
EGNF-0013-ecd9a6ba,cupy/cupy,Support sparse matrix with bool,https://github.com/cupy/cupy/issues/7741,dtype_casting,dtype_casting,dtype_casting,dtype_casting,dtype_casting,dtype_casting,high,suggestion_only_not_gold
EGNF-0014-42974c96,cupy/cupy,argsort etc. to use int32 instead of int64,https://github.com/cupy/cupy/issues/8472,dtype_casting,dtype_casting,dtype_casting,dtype_casting,dtype_casting,dtype_casting,high,suggestion_only_not_gold
EGNF-0015-a88f40a3,cupy/cupy,`%gpu_timeit` magic not ideal for very fast timings,https://github.com/cupy/cupy/issues/9856,dtype_casting,dtype_casting,dtype_casting,dtype_casting,dtype_casting,dtype_casting,high,suggestion_only_not_gold
EGNF-0016-9b65b05e,jax-ml/jax,lstsq is inaccurate,https://github.com/jax-ml/jax/issues/11433,dtype_casting,dtype_casting,dtype_casting,dtype_casting,dtype_casting,dtype_casting,high,suggestion_only_not_gold
EGNF-0017-6aa52f35,jax-ml/jax,cuSolver internal error: RuntimeError: jaxlib/cuda/cusolver_kernels.cc:45,https://github.com/jax-ml/jax/issues/12846,dtype_casting,dtype_casting,dtype_casting,dtype_casting,dtype_casting,dtype_casting,high,suggestion_only_not_gold
EGNF-0018-0cf3edbf,jax-ml/jax,`roll` incorrect if jit-compiled on GPU with 64-bit mode,https://github.com/jax-ml/jax/issues/13271,dtype_casting,dtype_casting,dtype_casting,dtype_casting,dtype_casting,dtype_casting,high,suggestion_only_not_gold
EGNF-0019-ae96b301,jax-ml/jax,"""None of the algorithms provided by cuDNN heuristics worked"" for Ampere NV GPUs",https://github.com/jax-ml/jax/issues/17523,dtype_casting,dtype_casting,dtype_casting,dtype_casting,dtype_casting,dtype_casting,high,suggestion_only_not_gold
EGNF-0020-44da768e,jax-ml/jax,simple pallas kernel hangs when input size exceeds some threshold,https://github.com/jax-ml/jax/issues/21282,dtype_casting,dtype_casting,dtype_casting,dtype_casting,dtype_casting,dtype_casting,high,suggestion_only_not_gold
EGNF-0021-96beee71,jax-ml/jax,All-gather performed in fp32 instead of bf16 despite explicit datatype conversion,https://github.com/jax-ml/jax/issues/23543,dtype_casting,dtype_casting,dtype_casting,dtype_casting,dtype_casting,dtype_casting,high,suggestion_only_not_gold
EGNF-0022-70f9e068,jax-ml/jax,Errors when cusotmizing matrix-vector multiplication using ``pallas``,https://github.com/jax-ml/jax/issues/24142,dtype_casting,dtype_casting,dtype_casting,dtype_casting,dtype_casting,dtype_casting,high,suggestion_only_not_gold
EGNF-0023-972459a7,jax-ml/jax,"On import of package using jax: ""jaxlib.xla_extension.XlaRuntimeError: FAILED_PRECONDITION: DNN library initialization failed. Look at the errors above for more details""",https://github.com/jax-ml/jax/issues/28752,dtype_casting,dtype_casting,dtype_casting,dtype_casting,not_numerical_failure,dtype_casting,high,suggestion_only_not_gold
EGNF-0024-5bed957c,jax-ml/jax,jax.nn.dot_product_attention(...implementation='cudnn') fails due to incorrect loading of libnvrtc,https://github.com/jax-ml/jax/issues/29260,dtype_casting,dtype_casting,dtype_casting,dtype_casting,dtype_casting,dtype_casting,high,suggestion_only_not_gold
EGNF-0025-444d92dc,jax-ml/jax,GPU lowering without device fails again,https://github.com/jax-ml/jax/issues/32610,dtype_casting,dtype_casting,dtype_casting,dtype_casting,dtype_casting,dtype_casting,high,suggestion_only_not_gold
EGNF-0026-2661736a,jax-ml/jax,JIT compilation fails with CUDA_ERROR_INVALID_VALUE,https://github.com/jax-ml/jax/issues/32882,dtype_casting,dtype_casting,dtype_casting,dtype_casting,dtype_casting,dtype_casting,high,suggestion_only_not_gold
EGNF-0027-601e16e4,jax-ml/jax,vmap silently corrupts output when gather + jnp.where combined without returning intermediate,https://github.com/jax-ml/jax/issues/35252,dtype_casting,dtype_casting,dtype_casting,dtype_casting,dtype_casting,dtype_casting,high,suggestion_only_not_gold
EGNF-0028-e1f8e85a,numba/numba,Support dtype from string spec in CUDA array allocators,https://github.com/numba/numba/issues/2205,dtype_casting,dtype_casting,dtype_casting,dtype_casting,dtype_casting,dtype_casting,high,suggestion_only_not_gold
EGNF-0029-8cf3fc75,numba/numba,Provide additional information through numba.cuda.grid API,https://github.com/numba/numba/issues/4179,dtype_casting,dtype_casting,dtype_casting,dtype_casting,dtype_casting,dtype_casting,high,suggestion_only_not_gold
EGNF-0030-15327848,numba/numba,CUDA guvectorize target does not copy back modified input arrays,https://github.com/numba/numba/issues/4952,dtype_casting,dtype_casting,dtype_casting,dtype_casting,dtype_casting,dtype_casting,high,suggestion_only_not_gold
EGNF-0031-1f720675,numba/numba,CUDA: Numerical differences between CPython / CPU target and the CUDA target in `math.pow`,https://github.com/numba/numba/issues/8218,dtype_casting,dtype_casting,dtype_casting,dtype_casting,dtype_casting,dtype_casting,high,suggestion_only_not_gold
EGNF-0032-a42f3838,numba/numba,CUDA: Warp-aggregated atomics example no longer works,https://github.com/numba/numba/issues/8507,dtype_casting,dtype_casting,dtype_casting,dtype_casting,dtype_casting,dtype_casting,high,suggestion_only_not_gold
EGNF-0033-b67ecd45,numba/numba,numba cannot find libnvvm.so <OSError: libnvvm.so: cannot open shared object file: No such file or directory>,https://github.com/numba/numba/issues/9216,dtype_casting,dtype_casting,dtype_casting,dtype_casting,dtype_casting,dtype_casting,high,suggestion_only_not_gold
EGNF-0034-610942e1,numba/numba,"numpy records do not support ""is"" identity comparison.",https://github.com/numba/numba/issues/9382,dtype_casting,dtype_casting,dtype_casting,dtype_casting,dtype_casting,dtype_casting,high,suggestion_only_not_gold
EGNF-0035-8c215980,pytorch/pytorch,torch.jit.trace has incorrect execution for += operation during compilation,https://github.com/pytorch/pytorch/issues/113945,dtype_casting,dtype_casting,dtype_casting,dtype_casting,dtype_casting,dtype_casting,high,suggestion_only_not_gold
EGNF-0036-3cf41050,pytorch/pytorch,torch.nn.functional.embedding segmentation fault on large negative ids,https://github.com/pytorch/pytorch/issues/115416,dtype_casting,precision_tolerance,precision_tolerance,precision_tolerance,dtype_casting,precision_tolerance,medium,suggestion_only_not_gold
EGNF-0037-994dc5df,pytorch/pytorch,[Fuzzer][Eager/Compile Divergence] PassManager::run failed,https://github.com/pytorch/pytorch/issues/163874,dtype_casting,dtype_casting,dtype_casting,dtype_casting,dtype_casting,dtype_casting,high,suggestion_only_not_gold
EGNF-0038-ea49fcf9,pytorch/pytorch,`flex_attention` + `mask_mod` closure over a derived sym-int,https://github.com/pytorch/pytorch/issues/182606,dtype_casting,dtype_casting,dtype_casting,dtype_casting,dtype_casting,dtype_casting,high,suggestion_only_not_gold
EGNF-0039-8fd31d2f,rapidsai/cudf,[BUG] cudf astype('int32') behavior does not match pandas for strings with underscores,https://github.com/rapidsai/cudf/issues/12047,dtype_casting,dtype_casting,dtype_casting,dtype_casting,dtype_casting,dtype_casting,high,suggestion_only_not_gold
EGNF-0040-caa2aad2,rapidsai/cudf,[BUG] Unable to access cudf due to error Unsupported type_id conversion to cudf,https://github.com/rapidsai/cudf/issues/13211,dtype_casting,dtype_casting,dtype_casting,dtype_casting,dtype_casting,dtype_casting,high,suggestion_only_not_gold
EGNF-0041-9b69bedd,rapidsai/cudf,MixedTypeError when there is no mixed type [BUG],https://github.com/rapidsai/cudf/issues/14793,dtype_casting,dtype_casting,dtype_casting,dtype_casting,nan_inf,dtype_casting,high,suggestion_only_not_gold
EGNF-0042-7fc1ce5b,rapidsai/cudf,[BUG] Error with dask-expr using categorical dtype,https://github.com/rapidsai/cudf/issues/17415,dtype_casting,dtype_casting,dtype_casting,dtype_casting,dtype_casting,dtype_casting,high,suggestion_only_not_gold
EGNF-0043-f0d3a6e5,rapidsai/cudf,[FEA] allow `Series.clip` to clip accept Series as lower and upper bounds,https://github.com/rapidsai/cudf/issues/17682,dtype_casting,dtype_casting,dtype_casting,dtype_casting,dtype_casting,dtype_casting,high,suggestion_only_not_gold
EGNF-0044-61e2940a,rapidsai/cudf,[BUG]dask_cudf nunique gives incorrect results,https://github.com/rapidsai/cudf/issues/4663,dtype_casting,dtype_casting,dtype_casting,dtype_casting,dtype_casting,dtype_casting,high,suggestion_only_not_gold
EGNF-0045-2a50f2a8,rapidsai/cudf,[BUG] `cudf.read_parquet` errors when non-cudf engine is used,https://github.com/rapidsai/cudf/issues/6175,dtype_casting,dtype_casting,dtype_casting,dtype_casting,dtype_casting,dtype_casting,high,suggestion_only_not_gold
EGNF-0046-cee00347,rapidsai/cudf,[BUG] Specifying out-of-range column index for `usecols` in `read_csv()` causes illegal memory access,https://github.com/rapidsai/cudf/issues/9015,dtype_casting,dtype_casting,dtype_casting,dtype_casting,dtype_casting,dtype_casting,high,suggestion_only_not_gold
EGNF-0047-875dadae,triton-lang/triton,[PROTON][CUPTI_PCSAMPLING]: RuntimeError: Failed to execute cuptiGetContextId with error 35,https://github.com/triton-lang/triton/issues/4868,dtype_casting,dtype_casting,dtype_casting,dtype_casting,dtype_casting,dtype_casting,high,suggestion_only_not_gold
EGNF-0048-be0bb597,triton-lang/triton,int4 support,https://github.com/triton-lang/triton/issues/675,dtype_casting,overflow_underflow,dtype_casting,dtype_casting,overflow_underflow,dtype_casting,medium,suggestion_only_not_gold
EGNF-0049-b3670f9b,triton-lang/triton,Add Documentation for Triton Data Types,https://github.com/triton-lang/triton/issues/8458,dtype_casting,dtype_casting,dtype_casting,dtype_casting,dtype_casting,dtype_casting,high,suggestion_only_not_gold
EGNF-0050-3b70906b,cupy/cupy,Catch incompatible CUDA version,https://github.com/cupy/cupy/issues/4660,nan_inf,overflow_underflow,overflow_underflow,overflow_underflow,overflow_underflow,overflow_underflow,high,suggestion_only_not_gold
EGNF-0051-b083cdc9,cupy/cupy,Issue with piecewise log functions in Sympy->Cupy lambdify chain,https://github.com/cupy/cupy/issues/7872,nan_inf,dtype_casting,dtype_casting,dtype_casting,dtype_casting,dtype_casting,high,suggestion_only_not_gold
EGNF-0052-28bff1f9,cupy/cupy,CUPY sosfilt_zi some SOS coefficients are not supported2,https://github.com/cupy/cupy/issues/8028,nan_inf,nan_inf,dtype_casting,dtype_casting,overflow_underflow,dtype_casting,low,suggestion_only_not_gold
EGNF-0053-154dcf61,cupy/cupy,Implement cupy.ndarray == None and cupy.ndarray != None,https://github.com/cupy/cupy/issues/8560,nan_inf,nan_inf,dtype_casting,dtype_casting,dtype_casting,dtype_casting,medium,suggestion_only_not_gold
EGNF-0054-484e246e,jax-ml/jax,NaN gradients appear with a combination of normalization and masking,https://github.com/jax-ml/jax/issues/17070,nan_inf,nan_inf,dtype_casting,dtype_casting,nan_inf,nan_inf,medium,suggestion_only_not_gold
EGNF-0055-34da1fd3,jax-ml/jax,`log_softmax` and `softmax` are not numerically stable with `where` argument inside `vmap`,https://github.com/jax-ml/jax/issues/19490,nan_inf,dtype_casting,dtype_casting,dtype_casting,dtype_casting,dtype_casting,high,suggestion_only_not_gold
EGNF-0056-b855b138,jax-ml/jax,log1p results are incorrect on complex inputs with large absolute value,https://github.com/jax-ml/jax/issues/19573,nan_inf,dtype_casting,dtype_casting,dtype_casting,dtype_casting,dtype_casting,high,suggestion_only_not_gold
EGNF-0057-80037eb7,jax-ml/jax,Edge behavior in `jax.scipy.special.betainc`,https://github.com/jax-ml/jax/issues/21900,nan_inf,not_numerical_failure,dtype_casting,dtype_casting,not_numerical_failure,dtype_casting,low,suggestion_only_not_gold
EGNF-0058-c9a78d27,jax-ml/jax,"Exception has occurred: FloatingPointError invalid value (nan) encountered in jit(convert_element_type). Because jax_config.debug_nans.value and/or config.jax_debug_infs is set, the de-optimized function (i.e., the function as if the `jit` decorator were removed) was called in an attempt to get a more precise error message. However, the de-optimized function did not produce invalid values during its execution.",https://github.com/jax-ml/jax/issues/22291,nan_inf,overflow_underflow,dtype_casting,dtype_casting,overflow_underflow,dtype_casting,low,suggestion_only_not_gold
EGNF-0059-a1cc4981,jax-ml/jax,all inputs are nans in a next step iterationwhile using `jax.scipy.optimize.minimize`,https://github.com/jax-ml/jax/issues/22413,nan_inf,dtype_casting,dtype_casting,dtype_casting,dtype_casting,dtype_casting,high,suggestion_only_not_gold
EGNF-0060-ec5cb10f,jax-ml/jax,jax.random.choice can return entries with zero probability,https://github.com/jax-ml/jax/issues/22682,nan_inf,dtype_casting,dtype_casting,dtype_casting,dtype_casting,dtype_casting,high,suggestion_only_not_gold
EGNF-0061-79fefbe8,jax-ml/jax,[Pallas GPU] The behavior of `jnp.sign(jnp.nan)` in Pallas GPU does not match that of JAX,https://github.com/jax-ml/jax/issues/23504,nan_inf,dtype_casting,dtype_casting,dtype_casting,dtype_casting,dtype_casting,high,suggestion_only_not_gold
EGNF-0062-c4988591,jax-ml/jax,"When calculating the loss, the input data does not contain NaN, but the output contains NaN",https://github.com/jax-ml/jax/issues/23717,nan_inf,dtype_casting,dtype_casting,dtype_casting,nan_inf,dtype_casting,medium,suggestion_only_not_gold
EGNF-0063-b121247c,jax-ml/jax,[Regression] Gradient explodes after upgrading to JAX 0.4.33 from 0.4.30,https://github.com/jax-ml/jax/issues/24114,nan_inf,dtype_casting,dtype_casting,dtype_casting,dtype_casting,dtype_casting,high,suggestion_only_not_gold
EGNF-0064-5557fff7,jax-ml/jax,Results do not match the reference. This is likely a bug/unexpected loss of precision,https://github.com/jax-ml/jax/issues/24909,nan_inf,dtype_casting,dtype_casting,dtype_casting,dtype_casting,dtype_casting,high,suggestion_only_not_gold
EGNF-0065-db86d5ee,jax-ml/jax,`debug_nans` error always says the de-optimized function did not produce NaNs,https://github.com/jax-ml/jax/issues/24955,nan_inf,dtype_casting,dtype_casting,dtype_casting,dtype_casting,dtype_casting,high,suggestion_only_not_gold
EGNF-0066-a1be57f9,jax-ml/jax,`jax.scipy.signal.correlate` brings different results with `scipy.signal.correlate`,https://github.com/jax-ml/jax/issues/31619,nan_inf,nan_inf,nan_inf,nan_inf,nan_inf,nan_inf,high,suggestion_only_not_gold
EGNF-0067-eaef1724,jax-ml/jax,[CUDA] jax.lax.linalg.eigh outputs nan for complex128 matrix,https://github.com/jax-ml/jax/issues/32641,nan_inf,nan_inf,dtype_casting,dtype_casting,dtype_casting,dtype_casting,medium,suggestion_only_not_gold
EGNF-0068-c6781a1c,jax-ml/jax,jnp.einsum outputs all NaN if any NaN is present (same with matmul),https://github.com/jax-ml/jax/issues/33349,nan_inf,nan_inf,nan_inf,nan_inf,nan_inf,nan_inf,high,suggestion_only_not_gold
EGNF-0069-73c31d28,pytorch/pytorch,"""torch.orgqr"" performs differently on cpu and gpu",https://github.com/pytorch/pytorch/issues/126760,nan_inf,nan_inf,nan_inf,nan_inf,nan_inf,nan_inf,high,suggestion_only_not_gold
EGNF-0070-aad4b928,pytorch/pytorch,Triton segfault with compiled flexattention kernel,https://github.com/pytorch/pytorch/issues/129625,nan_inf,nan_inf,dtype_casting,dtype_casting,nan_inf,nan_inf,medium,suggestion_only_not_gold
EGNF-0071-225887c0,pytorch/pytorch,BUG: `torch.special.gammainc`: returns finite results with NaN input,https://github.com/pytorch/pytorch/issues/132614,nan_inf,nan_inf,nan_inf,nan_inf,nan_inf,nan_inf,high,suggestion_only_not_gold
EGNF-0072-a7b40dc1,pytorch/pytorch,Undocumented fast pass behavior in nn.TransformerEncoderLayer causes failures in test_transformerencoderlayer_cuda_float32 (__main__.TestNNDeviceTypeCUDA),https://github.com/pytorch/pytorch/issues/135150,nan_inf,dtype_casting,dtype_casting,dtype_casting,dtype_casting,dtype_casting,high,suggestion_only_not_gold
EGNF-0073-df84d55a,pytorch/pytorch,compile error with custom softmax triton kernel,https://github.com/pytorch/pytorch/issues/163811,nan_inf,nan_inf,dtype_casting,dtype_casting,nan_inf,nan_inf,medium,suggestion_only_not_gold
EGNF-0074-c7ea1dab,pytorch/pytorch,[Inductor][CPU][float16] LayerNorm outputs NaN when input contains Inf,https://github.com/pytorch/pytorch/issues/173885,nan_inf,nan_inf,nan_inf,nan_inf,nan_inf,nan_inf,high,suggestion_only_not_gold
EGNF-0075-9bffee42,pytorch/pytorch,Missing CSE in TorchInductor,https://github.com/pytorch/pytorch/issues/180957,nan_inf,dtype_casting,dtype_casting,dtype_casting,dtype_casting,dtype_casting,high,suggestion_only_not_gold
EGNF-0076-fe1eff73,rapidsai/cudf,[BUG] apply_grouped broken in 23.04,https://github.com/rapidsai/cudf/issues/13303,nan_inf,nan_inf,nan_inf,nan_inf,nan_inf,nan_inf,high,suggestion_only_not_gold
EGNF-0077-3f6f28a5,rapidsai/cudf,[BUG] dask_cudf.DataFrame.values shows chunktype of numpy ndarray,https://github.com/rapidsai/cudf/issues/4309,nan_inf,dtype_casting,dtype_casting,dtype_casting,dtype_casting,dtype_casting,high,suggestion_only_not_gold
EGNF-0078-a450af07,rapidsai/cudf,[BUG]Groupby agg with np.nan in aggregating column leads to incorrect results,https://github.com/rapidsai/cudf/issues/6810,nan_inf,nan_inf,nan_inf,dtype_casting,dtype_casting,nan_inf,medium,suggestion_only_not_gold
EGNF-0079-94dd7028,triton-lang/triton,cosmetic change to attention code leads to NaN,https://github.com/triton-lang/triton/issues/1273,nan_inf,nan_inf,nan_inf,nan_inf,nan_inf,nan_inf,high,suggestion_only_not_gold
EGNF-0080-1455323b,triton-lang/triton,Fails in the middle of training with KeyError,https://github.com/triton-lang/triton/issues/1512,nan_inf,dtype_casting,dtype_casting,dtype_casting,dtype_casting,dtype_casting,high,suggestion_only_not_gold
EGNF-0081-eb97f99b,triton-lang/triton,RuntimeError: PassManager::run failed / error: 'tt.reduce' op inferred type(s)...,https://github.com/triton-lang/triton/issues/1672,nan_inf,nan_inf,dtype_casting,dtype_casting,nan_inf,nan_inf,medium,suggestion_only_not_gold
EGNF-0082-2b0b7ca2,triton-lang/triton,opt(flash_attn): Try reverse iteration optimization,https://github.com/triton-lang/triton/issues/2299,nan_inf,nan_inf,nan_inf,nan_inf,nan_inf,nan_inf,high,suggestion_only_not_gold
EGNF-0083-de461d22,triton-lang/triton,Inconsistent results between torch and triton for fp16 dtype,https://github.com/triton-lang/triton/issues/2352,nan_inf,dtype_casting,dtype_casting,dtype_casting,nan_inf,dtype_casting,medium,suggestion_only_not_gold
EGNF-0084-acd298d1,triton-lang/triton,Accuracy failure in reduction kernel,https://github.com/triton-lang/triton/issues/2483,nan_inf,nan_inf,dtype_casting,dtype_casting,dtype_casting,dtype_casting,medium,suggestion_only_not_gold
EGNF-0085-9e1cd456,triton-lang/triton,"ValueError(""arange's arguments must be of type tl.constexpr"")",https://github.com/triton-lang/triton/issues/2735,nan_inf,nan_inf,dtype_casting,dtype_casting,nan_inf,nan_inf,medium,suggestion_only_not_gold
EGNF-0086-6524881c,triton-lang/triton,Fused Attention FP8 correctness on L20(Ada GPU),https://github.com/triton-lang/triton/issues/4476,nan_inf,dtype_casting,dtype_casting,dtype_casting,dtype_casting,dtype_casting,high,suggestion_only_not_gold
EGNF-0087-7565bf12,triton-lang/triton,Got unexpected Nan value when implementing a fused-operator,https://github.com/triton-lang/triton/issues/6356,nan_inf,nan_inf,nan_inf,nan_inf,nan_inf,nan_inf,high,suggestion_only_not_gold
EGNF-0088-b34017fa,triton-lang/triton,"Triton tl.argmax Accuracy Discrepancy in Top-K Selection, when input contains infinity number",https://github.com/triton-lang/triton/issues/6635,nan_inf,nan_inf,nan_inf,nan_inf,nan_inf,nan_inf,high,suggestion_only_not_gold
EGNF-0089-9ff0b7af,triton-lang/triton,triton.language.cast from float16 to float8e5 produces different output when TRITON_INTERPRET=1,https://github.com/triton-lang/triton/issues/8322,nan_inf,dtype_casting,dtype_casting,dtype_casting,nan_inf,dtype_casting,medium,suggestion_only_not_gold
EGNF-0090-53d33643,cupy/cupy,About unified memory in Cupy,https://github.com/cupy/cupy/issues/3127,needs_review,overflow_underflow,overflow_underflow,overflow_underflow,overflow_underflow,overflow_underflow,high,suggestion_only_not_gold
EGNF-0091-612f303f,cupy/cupy,ROCm: Support rocFFT,https://github.com/cupy/cupy/issues/3892,needs_review,dtype_casting,dtype_casting,dtype_casting,overflow_underflow,dtype_casting,medium,suggestion_only_not_gold
EGNF-0092-ddebb31a,cupy/cupy,matmul fails to handle overflows for uint64 properly,https://github.com/cupy/cupy/issues/3941,needs_review,overflow_underflow,overflow_underflow,overflow_underflow,overflow_underflow,overflow_underflow,high,suggestion_only_not_gold
EGNF-0093-583fb462,cupy/cupy,FFT plan cache is not stream-safe,https://github.com/cupy/cupy/issues/8079,needs_review,dtype_casting,dtype_casting,dtype_casting,overflow_underflow,dtype_casting,medium,suggestion_only_not_gold
EGNF-0094-e7cbc631,cupy/cupy,binary_erosion vs. broadcasted inputs,https://github.com/cupy/cupy/issues/8912,needs_review,dtype_casting,dtype_casting,dtype_casting,overflow_underflow,dtype_casting,medium,suggestion_only_not_gold
EGNF-0095-43ecbb7d,cupy/cupy,cupy-cuda114 v10.6.0 AttributeError: module 'cupy.cuda.cudnn' has no attribute 'getConvolution2dForwardOutputDim',https://github.com/cupy/cupy/issues/9103,needs_review,overflow_underflow,dtype_casting,dtype_casting,overflow_underflow,dtype_casting,low,suggestion_only_not_gold
EGNF-0096-a220e052,cupy/cupy,CUDA driver version is insufficient for CUDA runtime version,https://github.com/cupy/cupy/issues/9252,needs_review,dtype_casting,dtype_casting,dtype_casting,overflow_underflow,dtype_casting,medium,suggestion_only_not_gold
EGNF-0097-0628ea28,jax-ml/jax,Cannot Share GPUs between processes when using JAX with SLURM,https://github.com/jax-ml/jax/issues/10021,needs_review,dtype_casting,dtype_casting,dtype_casting,dtype_casting,dtype_casting,high,suggestion_only_not_gold
EGNF-0098-afb94a27,jax-ml/jax,top_k incorrect results on GPU mesh,https://github.com/jax-ml/jax/issues/19271,needs_review,dtype_casting,dtype_casting,dtype_casting,dtype_casting,dtype_casting,high,suggestion_only_not_gold
EGNF-0099-88f8d112,jax-ml/jax,Incorrect cost_analysis() Flop Count on GPU for Dense layer/Dot product,https://github.com/jax-ml/jax/issues/22249,needs_review,dtype_casting,dtype_casting,dtype_casting,dtype_casting,dtype_casting,high,suggestion_only_not_gold
EGNF-0100-ca01f08f,jax-ml/jax,Wrong normalization in FFT methods,https://github.com/jax-ml/jax/issues/22466,needs_review,dtype_casting,dtype_casting,dtype_casting,dtype_casting,dtype_casting,high,suggestion_only_not_gold
EGNF-0101-621cf9e3,jax-ml/jax,"Division by self not always ""1.0"" on JAX GPU, but consistently gives ""1.0"" on JAX CPU.",https://github.com/jax-ml/jax/issues/24807,needs_review,dtype_casting,dtype_casting,dtype_casting,dtype_casting,dtype_casting,high,suggestion_only_not_gold
EGNF-0102-48109365,jax-ml/jax,potential jax 0.4.35 release issue?,https://github.com/jax-ml/jax/issues/24826,needs_review,dtype_casting,dtype_casting,dtype_casting,dtype_casting,dtype_casting,high,suggestion_only_not_gold
EGNF-0103-0fb0588d,jax-ml/jax,Feature request: linalg.eig using nvidia cusolver,https://github.com/jax-ml/jax/issues/27265,needs_review,dtype_casting,dtype_casting,dtype_casting,overflow_underflow,dtype_casting,medium,suggestion_only_not_gold
EGNF-0104-15c4965d,jax-ml/jax,Array API `default_device()` and `devices()` are incorrect,https://github.com/jax-ml/jax/issues/27606,needs_review,dtype_casting,dtype_casting,dtype_casting,dtype_casting,dtype_casting,high,suggestion_only_not_gold
EGNF-0105-3e741829,jax-ml/jax,`jax.numpy.unwrap` brings different results with `numpy.unwrap`,https://github.com/jax-ml/jax/issues/28645,needs_review,nan_inf,dtype_casting,dtype_casting,nan_inf,dtype_casting,low,suggestion_only_not_gold
EGNF-0106-3506c4b1,jax-ml/jax,conv_general_dilated fails on older GPUs (compute cap < 7.5),https://github.com/jax-ml/jax/issues/33224,needs_review,dtype_casting,dtype_casting,dtype_casting,dtype_casting,dtype_casting,high,suggestion_only_not_gold
EGNF-0107-1f9cce97,jax-ml/jax,jax.errors.JaxRuntimeError: INTERNAL: Autotuning failed for HLO,https://github.com/jax-ml/jax/issues/33715,needs_review,dtype_casting,dtype_casting,dtype_casting,overflow_underflow,dtype_casting,medium,suggestion_only_not_gold
EGNF-0108-952f98a2,jax-ml/jax,Unsupported ROCm Tests `tests/export_back_compat_test.py`,https://github.com/jax-ml/jax/issues/34511,needs_review,dtype_casting,dtype_casting,dtype_casting,overflow_underflow,dtype_casting,medium,suggestion_only_not_gold
EGNF-0109-05b7809e,jax-ml/jax,Unexpected result involving `scan` and `vmap`,https://github.com/jax-ml/jax/issues/36958,needs_review,dtype_casting,dtype_casting,dtype_casting,dtype_casting,dtype_casting,high,suggestion_only_not_gold
EGNF-0110-b9e5d9ce,numba/numba,Reduce CUDA launch overhead,https://github.com/numba/numba/issues/3003,needs_review,dtype_casting,dtype_casting,dtype_casting,dtype_casting,dtype_casting,high,suggestion_only_not_gold
EGNF-0111-14a7ddc5,numba/numba,paralled numpy array error:,https://github.com/numba/numba/issues/4438,needs_review,dtype_casting,dtype_casting,dtype_casting,dtype_casting,dtype_casting,high,suggestion_only_not_gold
EGNF-0112-2a597689,numba/numba,Please add support for Metal as GPU accelerator,https://github.com/numba/numba/issues/5706,needs_review,precision_tolerance,dtype_casting,dtype_casting,not_numerical_failure,dtype_casting,low,suggestion_only_not_gold
EGNF-0113-b07693d9,numba/numba,Python 3.9 Support,https://github.com/numba/numba/issues/6345,needs_review,dtype_casting,dtype_casting,dtype_casting,dtype_casting,dtype_casting,high,suggestion_only_not_gold
EGNF-0114-837e9a88,numba/numba,0.52.0RC1 issues,https://github.com/numba/numba/issues/6371,needs_review,dtype_casting,dtype_casting,dtype_casting,dtype_casting,dtype_casting,high,suggestion_only_not_gold
EGNF-0115-e87257f8,numba/numba,RISC-V Support,https://github.com/numba/numba/issues/6559,needs_review,dtype_casting,dtype_casting,dtype_casting,overflow_underflow,dtype_casting,medium,suggestion_only_not_gold
EGNF-0116-5d6a557c,numba/numba,float128 support,https://github.com/numba/numba/issues/8830,needs_review,dtype_casting,dtype_casting,dtype_casting,dtype_casting,dtype_casting,high,suggestion_only_not_gold
EGNF-0117-e9c1c448,numba/numba,"Unexpected ""CUDA error: the launch timed out and was terminated"" or `CUDA_ERROR_LAUNCH_TIMEOUT`",https://github.com/numba/numba/issues/9381,needs_review,dtype_casting,dtype_casting,dtype_casting,dtype_casting,dtype_casting,high,suggestion_only_not_gold
EGNF-0118-bfdd4c1e,pytorch/pytorch,NCCL ISend is not asynchronous,https://github.com/pytorch/pytorch/issues/108378,needs_review,dtype_casting,dtype_casting,dtype_casting,dtype_casting,dtype_casting,high,suggestion_only_not_gold
EGNF-0119-a819a3c4,pytorch/pytorch,rope perf improvement,https://github.com/pytorch/pytorch/issues/141265,needs_review,dtype_casting,dtype_casting,dtype_casting,precision_tolerance,dtype_casting,medium,suggestion_only_not_gold
EGNF-0120-58897d8f,pytorch/pytorch,GroupedMM triton template IMAs on B200,https://github.com/pytorch/pytorch/issues/163462,needs_review,overflow_underflow,dtype_casting,dtype_casting,overflow_underflow,dtype_casting,low,suggestion_only_not_gold
EGNF-0121-80405f35,rapidsai/cudf,[BUG] AllocateLikeTest fails when run with CUDA memory resource,https://github.com/rapidsai/cudf/issues/11247,needs_review,dtype_casting,dtype_casting,dtype_casting,dtype_casting,dtype_casting,high,suggestion_only_not_gold
EGNF-0122-7e65d73e,rapidsai/cudf,"[DOC] Fix and/or remove cuda.h ""File Not Found"" warning in our 10 Minutes docs.",https://github.com/rapidsai/cudf/issues/12630,needs_review,precision_tolerance,dtype_casting,dtype_casting,dtype_casting,dtype_casting,medium,suggestion_only_not_gold
EGNF-0123-65022442,rapidsai/cudf,[DOC] `10 Minutes to cuDF And Dask-cuDF` notebook shows jitify warning,https://github.com/rapidsai/cudf/issues/14676,needs_review,precision_tolerance,dtype_casting,dtype_casting,dtype_casting,dtype_casting,medium,suggestion_only_not_gold
EGNF-0124-31208fbf,rapidsai/cudf,[BUG] Jitify error on exit from gtests built with Debug,https://github.com/rapidsai/cudf/issues/17583,needs_review,dtype_casting,dtype_casting,dtype_casting,dtype_casting,dtype_casting,high,suggestion_only_not_gold
EGNF-0125-86b91506,rapidsai/cudf,[FEA] Timezone conversions for timestamps,https://github.com/rapidsai/cudf/issues/2477,needs_review,dtype_casting,dtype_casting,dtype_casting,dtype_casting,dtype_casting,high,suggestion_only_not_gold
EGNF-0126-a84bd7e5,rapidsai/cudf,[FEA] signed 128-bit Integer Type,https://github.com/rapidsai/cudf/issues/3558,needs_review,overflow_underflow,dtype_casting,dtype_casting,overflow_underflow,dtype_casting,low,suggestion_only_not_gold
EGNF-0127-a4616796,rapidsai/cudf,[BUG] Subword tokenizer on rows divisible by 64  gives incorrect results,https://github.com/rapidsai/cudf/issues/6501,needs_review,dtype_casting,dtype_casting,dtype_casting,not_numerical_failure,dtype_casting,medium,suggestion_only_not_gold
EGNF-0128-4be61aa7,triton-lang/triton,"Do tensors and corresponding operators such as reshape, ravel, dot in triton support >=3 dimensions?",https://github.com/triton-lang/triton/issues/1129,needs_review,dtype_casting,dtype_casting,dtype_casting,dtype_casting,dtype_casting,high,suggestion_only_not_gold
EGNF-0129-3b0db177,triton-lang/triton,CUDA failure with (1-dimensional) arrays >2Gi elements long,https://github.com/triton-lang/triton/issues/9306,needs_review,nan_inf,dtype_casting,dtype_casting,dtype_casting,dtype_casting,medium,suggestion_only_not_gold
EGNF-0130-a2cef793,cupy/cupy,I recently change an entire codebase from numpy to cupy only to get an error saying: cupy can not run on a singly GPU. Please is there a way to run a on a single GPU?,https://github.com/cupy/cupy/issues/2390,overflow_underflow,overflow_underflow,overflow_underflow,overflow_underflow,overflow_underflow,overflow_underflow,high,suggestion_only_not_gold
EGNF-0131-16ea18f0,cupy/cupy,[Bug Fix] This is an error why I tried to check two columns,https://github.com/cupy/cupy/issues/4197,overflow_underflow,overflow_underflow,overflow_underflow,overflow_underflow,overflow_underflow,overflow_underflow,high,suggestion_only_not_gold
EGNF-0132-1d949622,cupy/cupy,b,https://github.com/cupy/cupy/issues/4729,overflow_underflow,overflow_underflow,overflow_underflow,overflow_underflow,overflow_underflow,overflow_underflow,high,suggestion_only_not_gold
EGNF-0133-417b0db2,cupy/cupy,Overflow on computing pointers,https://github.com/cupy/cupy/issues/5737,overflow_underflow,dtype_casting,dtype_casting,dtype_casting,overflow_underflow,dtype_casting,medium,suggestion_only_not_gold
EGNF-0134-a7096ac2,cupy/cupy,Matmul result overflowing despite casting to higher precision data type,https://github.com/cupy/cupy/issues/6566,overflow_underflow,dtype_casting,dtype_casting,dtype_casting,dtype_casting,dtype_casting,high,suggestion_only_not_gold
EGNF-0135-9630fdfe,cupy/cupy,c_nnz overflowing,https://github.com/cupy/cupy/issues/6864,overflow_underflow,dtype_casting,dtype_casting,dtype_casting,overflow_underflow,dtype_casting,medium,suggestion_only_not_gold
EGNF-0136-19d5d210,cupy/cupy,Can't compile on Arch Linux with `cudnn 9.2.1.18` and cuda `12.6.1`,https://github.com/cupy/cupy/issues/8633,overflow_underflow,overflow_underflow,dtype_casting,dtype_casting,overflow_underflow,overflow_underflow,medium,suggestion_only_not_gold
EGNF-0137-f1557d82,pytorch/pytorch,RPC + DDP VRAM overflow to rank 0 GPU.,https://github.com/pytorch/pytorch/issues/124204,overflow_underflow,precision_tolerance,dtype_casting,dtype_casting,overflow_underflow,dtype_casting,low,suggestion_only_not_gold
EGNF-0138-be4f4a2d,pytorch/pytorch,overflow in `torch._C._linalg.linalg_cond`,https://github.com/pytorch/pytorch/issues/137466,overflow_underflow,precision_tolerance,precision_tolerance,precision_tolerance,nan_inf,precision_tolerance,medium,suggestion_only_not_gold
EGNF-0139-aef61170,pytorch/pytorch,overflow in `torch.quantize_per_tensor`,https://github.com/pytorch/pytorch/issues/137468,overflow_underflow,dtype_casting,dtype_casting,dtype_casting,overflow_underflow,dtype_casting,medium,suggestion_only_not_gold
EGNF-0140-af183793,pytorch/pytorch,Tensor.index_reduce produces incorrect result,https://github.com/pytorch/pytorch/issues/139242,overflow_underflow,dtype_casting,dtype_casting,dtype_casting,dtype_casting,dtype_casting,high,suggestion_only_not_gold
EGNF-0141-d7df502c,pytorch/pytorch,Illegal Memory Access With `torch.compile`,https://github.com/pytorch/pytorch/issues/139628,overflow_underflow,dtype_casting,dtype_casting,dtype_casting,dtype_casting,dtype_casting,high,suggestion_only_not_gold
EGNF-0142-c086b924,pytorch/pytorch,Consider relaxing torch.cond's requirement that the outputs of each branch have matching requires_grad metadata,https://github.com/pytorch/pytorch/issues/141259,overflow_underflow,dtype_casting,dtype_casting,dtype_casting,dtype_casting,dtype_casting,high,suggestion_only_not_gold
EGNF-0143-b37b173e,pytorch/pytorch,Incorrect error message on incorrect byte boundries on _scaled_mm on fp8,https://github.com/pytorch/pytorch/issues/141749,overflow_underflow,dtype_casting,dtype_casting,dtype_casting,dtype_casting,dtype_casting,high,suggestion_only_not_gold
EGNF-0144-4f218aa6,pytorch/pytorch,triton.codegen_upcast_to_fp32 breaks bitcast/bitwise ops,https://github.com/pytorch/pytorch/issues/143821,overflow_underflow,nan_inf,dtype_casting,dtype_casting,nan_inf,dtype_casting,low,suggestion_only_not_gold
EGNF-0145-0e4bf0ac,pytorch/pytorch,linear + relu don't fuse,https://github.com/pytorch/pytorch/issues/152101,overflow_underflow,dtype_casting,dtype_casting,dtype_casting,dtype_casting,dtype_casting,high,suggestion_only_not_gold
EGNF-0146-2fb17776,pytorch/pytorch,Link check fails on link from comment in torch/_inductor/codegen/cpp.py to Stack Overflow,https://github.com/pytorch/pytorch/issues/153071,overflow_underflow,precision_tolerance,dtype_casting,precision_tolerance,precision_tolerance,precision_tolerance,medium,suggestion_only_not_gold
EGNF-0147-9003d7e3,pytorch/pytorch,`torch.fmin` has inconsistent overflow behavior on CPU and GPU,https://github.com/pytorch/pytorch/issues/158172,overflow_underflow,nan_inf,dtype_casting,dtype_casting,nan_inf,dtype_casting,low,suggestion_only_not_gold
EGNF-0148-fdbc19cd,pytorch/pytorch,Incorrect bf16 results in Conv,https://github.com/pytorch/pytorch/issues/163347,overflow_underflow,dtype_casting,dtype_casting,dtype_casting,dtype_casting,dtype_casting,high,suggestion_only_not_gold
EGNF-0149-16ad384a,pytorch/pytorch,"torch.compile compiles multiple Triton autotune kernels, but uses the wrong ones",https://github.com/pytorch/pytorch/issues/164124,overflow_underflow,dtype_casting,dtype_casting,dtype_casting,dtype_casting,dtype_casting,high,suggestion_only_not_gold
EGNF-0150-e30500d4,pytorch/pytorch,Triton 3.4.0 wheel hash mismatch between PyPI metadata and download server,https://github.com/pytorch/pytorch/issues/168362,overflow_underflow,overflow_underflow,dtype_casting,dtype_casting,overflow_underflow,overflow_underflow,medium,suggestion_only_not_gold
EGNF-0151-e76171c5,pytorch/pytorch,Silent failure of torch.stack,https://github.com/pytorch/pytorch/issues/169163,overflow_underflow,dtype_casting,dtype_casting,dtype_casting,overflow_underflow,dtype_casting,medium,suggestion_only_not_gold
EGNF-0152-b7b5db56,pytorch/pytorch,"[ROCm] MIOpen 3D convolution kernel fails with ""invalid configuration argument"" for Qwen2.5-VL vision encoder - silent fallback causes severe performance regression",https://github.com/pytorch/pytorch/issues/169857,overflow_underflow,dtype_casting,dtype_casting,dtype_casting,overflow_underflow,dtype_casting,medium,suggestion_only_not_gold
EGNF-0153-311dd39a,pytorch/pytorch,torch.compile yields incorrect results when iterating over a list,https://github.com/pytorch/pytorch/issues/175855,overflow_underflow,dtype_casting,dtype_casting,dtype_casting,dtype_casting,dtype_casting,high,suggestion_only_not_gold
EGNF-0154-37d90078,pytorch/pytorch,Silently incorrect results for torch.arange + Inductor,https://github.com/pytorch/pytorch/issues/175966,overflow_underflow,dtype_casting,dtype_casting,dtype_casting,dtype_casting,dtype_casting,high,suggestion_only_not_gold
EGNF-0155-c6402122,pytorch/pytorch,Triton kernels with 2 or more tl.load() calls segfault at runtime on sm_120 (NVIDIA RTX PRO 6000 Blackwell). The kernels compile without errors but produce invalid code that crashes on execution.,https://github.com/pytorch/pytorch/issues/176426,overflow_underflow,dtype_casting,dtype_casting,dtype_casting,dtype_casting,dtype_casting,high,suggestion_only_not_gold
EGNF-0156-a8f3484d,pytorch/pytorch,"torch.dot crashes with SIGFPE (exit code 136) on RTX 5060 Ti (Blackwell, sm_120)",https://github.com/pytorch/pytorch/issues/178038,overflow_underflow,dtype_casting,dtype_casting,dtype_casting,dtype_casting,dtype_casting,high,suggestion_only_not_gold
EGNF-0157-1ff03fde,pytorch/pytorch,torch.compile (CUDA fp32) vs eager gives large max relative error for Conv2d,https://github.com/pytorch/pytorch/issues/178134,overflow_underflow,dtype_casting,dtype_casting,dtype_casting,dtype_casting,dtype_casting,high,suggestion_only_not_gold
EGNF-0158-171b578f,pytorch/pytorch,Dynamo `TritonHOPifier.call_run` doesn't propagate kernel_source -> `AssertionError`: Can't construct an AttrSource without a valid base source,https://github.com/pytorch/pytorch/issues/178447,overflow_underflow,dtype_casting,dtype_casting,dtype_casting,dtype_casting,dtype_casting,high,suggestion_only_not_gold
EGNF-0159-6ca94192,pytorch/pytorch,torch.compile incorrectly accepts torch.celu_ with alpha=0 while eager mode errors,https://github.com/pytorch/pytorch/issues/178480,overflow_underflow,dtype_casting,dtype_casting,dtype_casting,dtype_casting,dtype_casting,high,suggestion_only_not_gold
EGNF-0160-793f4005,pytorch/pytorch,Torch.compile crashes with multi-stream and triton kernels,https://github.com/pytorch/pytorch/issues/182084,overflow_underflow,not_numerical_failure,not_numerical_failure,not_numerical_failure,dtype_casting,not_numerical_failure,medium,suggestion_only_not_gold
EGNF-0161-98351031,pytorch/pytorch,Missing bounds check in round_size() causes zero-size block and double allocation,https://github.com/pytorch/pytorch/issues/182446,overflow_underflow,overflow_underflow,dtype_casting,dtype_casting,overflow_underflow,overflow_underflow,medium,suggestion_only_not_gold
EGNF-0162-2ae764ca,rapidsai/cudf,[BUG] Off-by-1 error in `__floordiv__` binary op,https://github.com/rapidsai/cudf/issues/17073,overflow_underflow,dtype_casting,dtype_casting,dtype_casting,dtype_casting,dtype_casting,high,suggestion_only_not_gold
EGNF-0163-384bc5bd,rapidsai/cudf,[BUG] `numeric_only=True` setting in `.count()` is ineffective,https://github.com/rapidsai/cudf/issues/21082,overflow_underflow,dtype_casting,dtype_casting,dtype_casting,dtype_casting,dtype_casting,high,suggestion_only_not_gold
EGNF-0164-8ad4bc8f,triton-lang/triton,Handle int64 overflows more graciously,https://github.com/triton-lang/triton/issues/1211,overflow_underflow,overflow_underflow,overflow_underflow,dtype_casting,overflow_underflow,overflow_underflow,high,suggestion_only_not_gold
EGNF-0165-7ec383cf,triton-lang/triton,Calling .to(...) on scalar arg breaks when specialization kicks in,https://github.com/triton-lang/triton/issues/2939,overflow_underflow,dtype_casting,dtype_casting,dtype_casting,dtype_casting,dtype_casting,high,suggestion_only_not_gold
EGNF-0166-871b0d18,triton-lang/triton,"Compiler error: ""PY_SSIZE_T_CLEAN macro must be defined for '#' formats""",https://github.com/triton-lang/triton/issues/5529,overflow_underflow,overflow_underflow,overflow_underflow,dtype_casting,overflow_underflow,overflow_underflow,high,suggestion_only_not_gold
EGNF-0167-836d146e,triton-lang/triton,[AMD] Enable BufferOps Support with tl.make_block_ptr,https://github.com/triton-lang/triton/issues/6293,overflow_underflow,dtype_casting,dtype_casting,dtype_casting,dtype_casting,dtype_casting,high,suggestion_only_not_gold
EGNF-0168-7440eabe,triton-lang/triton,[RFC] Improving Coalescing and Layout Propagation,https://github.com/triton-lang/triton/issues/8706,overflow_underflow,dtype_casting,dtype_casting,dtype_casting,dtype_casting,dtype_casting,high,suggestion_only_not_gold
EGNF-0169-0d03f27d,triton-lang/triton,[RFC] Exposing Scratch Buffer in ReduceOp to Eliminate Redundant Layout Conversion,https://github.com/triton-lang/triton/issues/8775,overflow_underflow,dtype_casting,dtype_casting,dtype_casting,nan_inf,dtype_casting,medium,suggestion_only_not_gold
EGNF-0170-e5001a98,rapidsai/cudf,[BUG] Performance regression in cuDF after #14679,https://github.com/rapidsai/cudf/issues/14886,performance_only,dtype_casting,dtype_casting,dtype_casting,overflow_underflow,dtype_casting,medium,suggestion_only_not_gold
EGNF-0171-217eae8d,rapidsai/cudf,[BUG] Rolling window aggregations are very slow with large windows,https://github.com/rapidsai/cudf/issues/15119,performance_only,dtype_casting,dtype_casting,dtype_casting,not_numerical_failure,dtype_casting,medium,suggestion_only_not_gold
EGNF-0172-3ed20a82,rapidsai/cudf,[BUG] Consider disabling managed memory in cudf.pandas on WSL2,https://github.com/rapidsai/cudf/issues/16551,performance_only,dtype_casting,dtype_casting,dtype_casting,dtype_casting,dtype_casting,high,suggestion_only_not_gold
EGNF-0173-4273c759,rapidsai/cudf,[QST] Potential I/O Performance Improvement with cuFile Buffer Registration?,https://github.com/rapidsai/cudf/issues/18309,performance_only,dtype_casting,dtype_casting,dtype_casting,performance_only,dtype_casting,medium,suggestion_only_not_gold
EGNF-0174-590758a3,rapidsai/cudf,[FEA] Add object-oriented APIs for semi/anti join and rework contains,https://github.com/rapidsai/cudf/issues/19205,performance_only,nan_inf,dtype_casting,dtype_casting,dtype_casting,dtype_casting,medium,suggestion_only_not_gold
EGNF-0175-2f2ce685,rapidsai/cudf,[BUG] GPU-accelerated file reads fail  on WSL2,https://github.com/rapidsai/cudf/issues/9861,performance_only,dtype_casting,dtype_casting,dtype_casting,dtype_casting,dtype_casting,high,suggestion_only_not_gold
EGNF-0176-698df6d9,cupy/cupy,[Tracker] Fix signature mismatch with NumPy/SciPy,https://github.com/cupy/cupy/issues/6693,precision_tolerance,dtype_casting,dtype_casting,dtype_casting,dtype_casting,dtype_casting,high,suggestion_only_not_gold
EGNF-0177-2e91f962,cupy/cupy,ndimage.correlate does not support `mode='grid-constant'`,https://github.com/cupy/cupy/issues/8404,precision_tolerance,overflow_underflow,dtype_casting,dtype_casting,overflow_underflow,dtype_casting,low,suggestion_only_not_gold
EGNF-0178-95ebf0e6,cupy/cupy,Revisit the splitting of the ufunc & ElementwiseKernel machineries,https://github.com/cupy/cupy/issues/9586,precision_tolerance,dtype_casting,dtype_casting,dtype_casting,overflow_underflow,dtype_casting,medium,suggestion_only_not_gold
EGNF-0179-b3a408a2,jax-ml/jax,JAX is not finding cuDNN even though it is on LD_LIBRARY_PATH,https://github.com/jax-ml/jax/issues/12461,precision_tolerance,dtype_casting,dtype_casting,dtype_casting,dtype_casting,dtype_casting,high,suggestion_only_not_gold
EGNF-0180-1b0c5bb2,jax-ml/jax,larger integer matrix multiplies are > 20x slower versus floats.,https://github.com/jax-ml/jax/issues/17688,precision_tolerance,dtype_casting,dtype_casting,dtype_casting,dtype_casting,dtype_casting,high,suggestion_only_not_gold
EGNF-0181-981238c6,jax-ml/jax,jnp.cumsum is incorrect when sharding over summing axis on GPUs,https://github.com/jax-ml/jax/issues/21403,precision_tolerance,dtype_casting,dtype_casting,dtype_casting,dtype_casting,dtype_casting,high,suggestion_only_not_gold
EGNF-0182-55789c66,jax-ml/jax,jax.scipy.special.hyp1f1 unstable where scipy.special.hyp1f1 is not,https://github.com/jax-ml/jax/issues/21503,precision_tolerance,dtype_casting,dtype_casting,dtype_casting,not_numerical_failure,dtype_casting,medium,suggestion_only_not_gold
EGNF-0183-39f6b041,jax-ml/jax,Finite precision error calculations always 0 under JIT with bfloat16,https://github.com/jax-ml/jax/issues/23007,precision_tolerance,dtype_casting,dtype_casting,dtype_casting,dtype_casting,dtype_casting,high,suggestion_only_not_gold
EGNF-0184-d48c4d74,jax-ml/jax,Passing `DeviceLocalLayout` to `jax.jit` causes incorrect outputs on GPU,https://github.com/jax-ml/jax/issues/23100,precision_tolerance,dtype_casting,dtype_casting,dtype_casting,dtype_casting,dtype_casting,high,suggestion_only_not_gold
EGNF-0185-c1d7a214,jax-ml/jax,[Pallas GPU] `jnp.abs()` gives the wrong result,https://github.com/jax-ml/jax/issues/23191,precision_tolerance,dtype_casting,dtype_casting,dtype_casting,dtype_casting,dtype_casting,high,suggestion_only_not_gold
EGNF-0186-cef0461a,jax-ml/jax,BiCGStab Breakdown on GPU due to Order of Operations (not observed on CPU),https://github.com/jax-ml/jax/issues/32978,precision_tolerance,dtype_casting,dtype_casting,dtype_casting,dtype_casting,dtype_casting,high,suggestion_only_not_gold
EGNF-0187-b0121c48,jax-ml/jax,Segmentation fault after upgrading to CUDA 13,https://github.com/jax-ml/jax/issues/34696,precision_tolerance,dtype_casting,dtype_casting,dtype_casting,dtype_casting,dtype_casting,high,suggestion_only_not_gold
EGNF-0188-eb21dbc8,jax-ml/jax,jax.lax.scan crashes on GPU when jax_default_matmul_precision is set to any non-default value,https://github.com/jax-ml/jax/issues/34917,precision_tolerance,dtype_casting,dtype_casting,dtype_casting,dtype_casting,dtype_casting,high,suggestion_only_not_gold
EGNF-0189-8fe6db28,jax-ml/jax,Failed to determine best cudnn convolution algorithm/No GPU/TPU found,https://github.com/jax-ml/jax/issues/8746,precision_tolerance,dtype_casting,dtype_casting,dtype_casting,dtype_casting,dtype_casting,high,suggestion_only_not_gold
EGNF-0190-dc43f9bb,numba/numba,CUDA JIT errors when multiple signatures provided,https://github.com/numba/numba/issues/3226,precision_tolerance,dtype_casting,dtype_casting,dtype_casting,dtype_casting,dtype_casting,high,suggestion_only_not_gold
EGNF-0191-cae04f17,numba/numba,help diagnosing a GPU performance issue,https://github.com/numba/numba/issues/4647,precision_tolerance,dtype_casting,dtype_casting,dtype_casting,dtype_casting,dtype_casting,high,suggestion_only_not_gold
EGNF-0192-22d467df,numba/numba,I have a question about half precision float support in numba cuda,https://github.com/numba/numba/issues/4670,precision_tolerance,dtype_casting,dtype_casting,dtype_casting,dtype_casting,dtype_casting,high,suggestion_only_not_gold
EGNF-0193-622e4ce6,numba/numba,use of @jit and @njit makes function execute with false output,https://github.com/numba/numba/issues/6247,precision_tolerance,dtype_casting,dtype_casting,dtype_casting,dtype_casting,dtype_casting,high,suggestion_only_not_gold
EGNF-0194-abc8c483,pytorch/pytorch,[inductor] [cpu] [[silence] `nn.ConvTranspose2d-F.dropout` and `nn.Conv2d-F.dropout` outputs inconsistent results with eager,https://github.com/pytorch/pytorch/issues/148061,precision_tolerance,dtype_casting,dtype_casting,dtype_casting,dtype_casting,dtype_casting,high,suggestion_only_not_gold
EGNF-0195-00d89d9d,pytorch/pytorch,[inductor] [cpu] [silent incorrectness] `nn.LazyConvTranspose2d-torch.randn-F.linear-torch.argmax` output incorrect results on CPU inductor,https://github.com/pytorch/pytorch/issues/151525,precision_tolerance,dtype_casting,dtype_casting,dtype_casting,dtype_casting,dtype_casting,high,suggestion_only_not_gold
EGNF-0196-c9a13367,pytorch/pytorch,[Flex Flash] Track down why different strided closures,https://github.com/pytorch/pytorch/issues/166789,precision_tolerance,dtype_casting,dtype_casting,dtype_casting,dtype_casting,dtype_casting,high,suggestion_only_not_gold
EGNF-0197-5aa71e10,pytorch/pytorch,Torch nightly rocm6.4 pytorch-triton-rocm requirement mismatch,https://github.com/pytorch/pytorch/issues/167411,precision_tolerance,precision_tolerance,dtype_casting,dtype_casting,nan_inf,dtype_casting,low,suggestion_only_not_gold
EGNF-0198-eaab8dd2,pytorch/pytorch,[Inconsistency] TorchInductor produces incorrect result for aten.hardswish_backward followed by aten.add,https://github.com/pytorch/pytorch/issues/173054,precision_tolerance,dtype_casting,dtype_casting,dtype_casting,dtype_casting,dtype_casting,high,suggestion_only_not_gold
EGNF-0199-826741eb,pytorch/pytorch,Choose rounding mode when casting to dtype,https://github.com/pytorch/pytorch/issues/175409,precision_tolerance,overflow_underflow,dtype_casting,dtype_casting,dtype_casting,dtype_casting,medium,suggestion_only_not_gold
EGNF-0200-88501746,rapidsai/cudf,[BUG] Unable to retrieve `Decimal` types correctly when read via `pandas.read_parquet`,https://github.com/rapidsai/cudf/issues/10172,precision_tolerance,dtype_casting,dtype_casting,dtype_casting,dtype_casting,dtype_casting,high,suggestion_only_not_gold
EGNF-0201-26ec4481,rapidsai/cudf,[BUG]: apply_rows with Numba CUDA Kernel for Boolean Output Inconsistently Returns False for True Conditions,https://github.com/rapidsai/cudf/issues/19169,precision_tolerance,dtype_casting,dtype_casting,dtype_casting,dtype_casting,dtype_casting,high,suggestion_only_not_gold
EGNF-0202-bf859131,rapidsai/cudf,[BUG] df.dtypes --> moves DataFrame to CPU,https://github.com/rapidsai/cudf/issues/19620,precision_tolerance,dtype_casting,dtype_casting,dtype_casting,dtype_casting,dtype_casting,high,suggestion_only_not_gold
EGNF-0203-6ea50f60,rapidsai/cudf,CUDA reductions should have independent input and output types,https://github.com/rapidsai/cudf/issues/446,precision_tolerance,dtype_casting,dtype_casting,dtype_casting,dtype_casting,dtype_casting,high,suggestion_only_not_gold
EGNF-0204-fbd5bace,rapidsai/cudf,[BUG] cudf.read_csv doesn't detect byte order mark (BOM) at start of file.,https://github.com/rapidsai/cudf/issues/5694,precision_tolerance,dtype_casting,dtype_casting,dtype_casting,dtype_casting,dtype_casting,high,suggestion_only_not_gold
EGNF-0205-7561deab,rapidsai/cudf,"[BUG] to_parquet using ""cudf"" engine fails",https://github.com/rapidsai/cudf/issues/7074,precision_tolerance,dtype_casting,dtype_casting,dtype_casting,not_numerical_failure,dtype_casting,medium,suggestion_only_not_gold
EGNF-0206-976dc271,rapidsai/cudf,[BUG] Groupby does not automatically promote type,https://github.com/rapidsai/cudf/issues/894,precision_tolerance,dtype_casting,dtype_casting,dtype_casting,nan_inf,dtype_casting,medium,suggestion_only_not_gold
EGNF-0207-ba2db306,rapidsai/cudf,[BUG] containsRe intermittently returns incorrect result for simple octal digit pattern,https://github.com/rapidsai/cudf/issues/9946,precision_tolerance,dtype_casting,dtype_casting,dtype_casting,precision_tolerance,dtype_casting,medium,suggestion_only_not_gold
EGNF-0208-0d4ce1cb,triton-lang/triton,Stream-k matmul implementation very slow mostly because of if/else inside for loop,https://github.com/triton-lang/triton/issues/1393,precision_tolerance,dtype_casting,dtype_casting,dtype_casting,dtype_casting,dtype_casting,high,suggestion_only_not_gold
EGNF-0209-e1a6a41c,triton-lang/triton,Failure when running on cluster,https://github.com/triton-lang/triton/issues/1509,precision_tolerance,dtype_casting,dtype_casting,dtype_casting,dtype_casting,dtype_casting,high,suggestion_only_not_gold
EGNF-0210-c9f0f664,triton-lang/triton,MatMul and blocksparse matmul incorrect precision in some shape.,https://github.com/triton-lang/triton/issues/1808,precision_tolerance,dtype_casting,dtype_casting,dtype_casting,dtype_casting,dtype_casting,high,suggestion_only_not_gold
EGNF-0211-a7264095,triton-lang/triton,06-fused-attention.py has precision problem in torch==2.3.0 but works well in torch==2.1.0,https://github.com/triton-lang/triton/issues/4019,precision_tolerance,dtype_casting,dtype_casting,dtype_casting,dtype_casting,dtype_casting,high,suggestion_only_not_gold
EGNF-0212-d2c6a7d8,triton-lang/triton,int8 x bfloat16 matmul tests fail on 4090s due to numerical error,https://github.com/triton-lang/triton/issues/4113,precision_tolerance,dtype_casting,dtype_casting,dtype_casting,dtype_casting,dtype_casting,high,suggestion_only_not_gold
EGNF-0213-535fe63b,triton-lang/triton,FP8 GEMM implemented with triton is slower on Ada (SM89),https://github.com/triton-lang/triton/issues/5583,precision_tolerance,dtype_casting,dtype_casting,dtype_casting,dtype_casting,dtype_casting,high,suggestion_only_not_gold
EGNF-0214-0db06f30,triton-lang/triton,Matmul tutorial code failed on odd sizes with FP16 inputs,https://github.com/triton-lang/triton/issues/5990,precision_tolerance,dtype_casting,dtype_casting,dtype_casting,dtype_casting,dtype_casting,high,suggestion_only_not_gold
EGNF-0215-27d07bc0,triton-lang/triton,Unexpected FP32 inaccuracy in simple consecutive dot (q @ k.T @ v),https://github.com/triton-lang/triton/issues/8407,precision_tolerance,dtype_casting,dtype_casting,dtype_casting,dtype_casting,dtype_casting,high,suggestion_only_not_gold
