expansion_id,repository,title,url,original_primary_failure,repaired_primary_failure,repaired_secondary_cause_labels,repair_rule,is_true_numerical_failure,confidence
EGNF1000-0001-826741eb,pytorch/pytorch,Choose rounding mode when casting to dtype,https://github.com/pytorch/pytorch/issues/175409,api_feature_request,not_numerical_failure,compiler_codegen|dtype_casting|precision_tolerance|api_semantics,api_feature_request_to_not_numerical_failure,no,medium
EGNF1000-0015-981238c6,jax-ml/jax,jnp.cumsum is incorrect when sharding over summing axis on GPUs,https://github.com/jax-ml/jax/issues/21403,needs_review,not_numerical_failure,unknown,needs_review_to_not_numerical_failure,no,low
EGNF1000-0017-d48c4d74,jax-ml/jax,Passing `DeviceLocalLayout` to `jax.jit` causes incorrect outputs on GPU,https://github.com/jax-ml/jax/issues/23100,compiler_codegen,not_numerical_failure,compiler_codegen,compiler_codegen_to_not_numerical_failure,no,medium
EGNF1000-0019-cef0461a,jax-ml/jax,BiCGStab Breakdown on GPU due to Order of Operations (not observed on CPU),https://github.com/jax-ml/jax/issues/32978,needs_review,not_numerical_failure,unknown,needs_review_to_not_numerical_failure,no,low
EGNF1000-0026-e5001a98,rapidsai/cudf,[BUG] Performance regression in cuDF after #14679,https://github.com/rapidsai/cudf/issues/14886,performance_regression,performance_only,unknown,performance_regression_to_performance_only,no,high
EGNF1000-0027-217eae8d,rapidsai/cudf,[BUG] Rolling window aggregations are very slow with large windows,https://github.com/rapidsai/cudf/issues/15119,performance_regression,performance_only,unknown,performance_regression_to_performance_only,no,high
EGNF1000-0028-3ed20a82,rapidsai/cudf,[BUG] Consider disabling managed memory in cudf.pandas on WSL2,https://github.com/rapidsai/cudf/issues/16551,needs_review,performance_only,precision_tolerance|performance_regression|api_feature_request,needs_review_to_performance_only,no,low
EGNF1000-0029-4273c759,rapidsai/cudf,[QST] Potential I/O Performance Improvement with cuFile Buffer Registration?,https://github.com/rapidsai/cudf/issues/18309,performance_regression,performance_only,compiler_codegen|api_feature_request,performance_regression_to_performance_only,no,high
EGNF1000-0031-590758a3,rapidsai/cudf,[FEA] Add object-oriented APIs for semi/anti join and rework contains,https://github.com/rapidsai/cudf/issues/19205,api_feature_request,not_numerical_failure,api_semantics,api_feature_request_to_not_numerical_failure,no,medium
EGNF1000-0033-6ea50f60,rapidsai/cudf,CUDA reductions should have independent input and output types,https://github.com/rapidsai/cudf/issues/446,api_feature_request,not_numerical_failure,dtype_casting|precision_tolerance|api_semantics,api_feature_request_to_not_numerical_failure,no,medium
EGNF1000-0039-535fe63b,triton-lang/triton,FP8 GEMM implemented with triton is slower on Ada (SM89),https://github.com/triton-lang/triton/issues/5583,performance_regression,performance_only,compiler_codegen|dtype_casting,performance_regression_to_performance_only,no,high
EGNF1000-0048-cae04f17,numba/numba,help diagnosing a GPU performance issue,https://github.com/numba/numba/issues/4647,needs_review,performance_only,performance_regression,needs_review_to_performance_only,no,low
EGNF1000-0054-622e4ce6,numba/numba,use of @jit and @njit makes function execute with false output,https://github.com/numba/numba/issues/6247,compiler_codegen,not_numerical_failure,compiler_codegen,compiler_codegen_to_not_numerical_failure,no,medium
EGNF1000-0108-d1ce6d4d,pytorch/pytorch,DISABLED test_remove_noop_view_dtype_cuda (__main__.GPUTests),https://github.com/pytorch/pytorch/issues/151541,performance_regression,performance_only,compiler_codegen|crash_compile,performance_regression_to_performance_only,no,high
EGNF1000-0114-aeea4c0d,jax-ml/jax,Can't build jaxlib in GH200,https://github.com/jax-ml/jax/issues/21299,needs_review,crash_compile,api_feature_request,needs_review_to_crash_compile,no,low
EGNF1000-0119-0aec2777,jax-ml/jax,xla_gpu_deterministic_ops=true breaks simple indexing in jax,https://github.com/jax-ml/jax/issues/27796,compiler_codegen,not_numerical_failure,precision_tolerance|compiler_codegen,compiler_codegen_to_not_numerical_failure,no,medium
EGNF1000-0129-4493c892,rapidsai/cudf,[BUG] CharacterNormalizer make special token lower case,https://github.com/rapidsai/cudf/issues/20236,needs_review,not_numerical_failure,precision_tolerance,needs_review_to_not_numerical_failure,no,low
EGNF1000-0130-3ad67db1,rapidsai/cuml,[FEA] Model precision with precision_score,https://github.com/rapidsai/cuml/issues/1522,api_feature_request,not_numerical_failure,precision_tolerance|api_semantics,api_feature_request_to_not_numerical_failure,no,medium
EGNF1000-0158-2c5a0cd1,jax-ml/jax,Test failures: numerical error in`tests/qdwh_test.py::QdwhTest::testQdwhWithOnRankDeficientInput5`,https://github.com/jax-ml/jax/issues/18535,needs_review,crash_compile,precision_tolerance|api_feature_request,needs_review_to_crash_compile,no,low
EGNF1000-0166-b67c222e,jax-ml/jax,Gamma variate gradients don't seem to pass check_grads,https://github.com/jax-ml/jax/issues/27349,needs_review,crash_compile,unknown,needs_review_to_crash_compile,no,low
EGNF1000-0186-45cf33ad,pytorch/pytorch,Conv2d kernel performance regression on CPU since PyTorch 1.9,https://github.com/pytorch/pytorch/issues/67797,compiler_codegen,performance_only,performance_regression|compiler_codegen,compiler_codegen_to_performance_only,no,medium
EGNF1000-0195-fc65d4ee,triton-lang/triton,triton always reports >0 register spills for kernels using sin/cos,https://github.com/triton-lang/triton/issues/1756,compiler_codegen,performance_only,precision_tolerance|compiler_codegen,compiler_codegen_to_performance_only,no,medium
EGNF1000-0205-3beb1976,jax-ml/jax,Support new dot Precision API in Pallas,https://github.com/jax-ml/jax/issues/24209,api_feature_request,not_numerical_failure,compiler_codegen|dtype_casting|precision_tolerance|api_semantics,api_feature_request_to_not_numerical_failure,no,medium
EGNF1000-0211-58897d8f,pytorch/pytorch,GroupedMM triton template IMAs on B200,https://github.com/pytorch/pytorch/issues/163462,compiler_codegen,not_numerical_failure,compiler_codegen,compiler_codegen_to_not_numerical_failure,no,medium
EGNF1000-0212-a84bd7e5,rapidsai/cudf,[FEA] signed 128-bit Integer Type,https://github.com/rapidsai/cudf/issues/3558,api_feature_request,not_numerical_failure,api_semantics,api_feature_request_to_not_numerical_failure,no,medium
EGNF1000-0217-66a7e5e7,pytorch/pytorch,DISABLED test_remove_noop_view_dtype_cpu (__main__.CpuTests),https://github.com/pytorch/pytorch/issues/151540,performance_regression,performance_only,compiler_codegen,performance_regression_to_performance_only,no,high
EGNF1000-0220-e3c838e9,rapidsai/cuml,[TASK] Increase parallelism or sparse normalization prims,https://github.com/rapidsai/cuml/issues/2819,compiler_codegen,performance_only,performance_regression|compiler_codegen,compiler_codegen_to_performance_only,no,medium
EGNF1000-0229-40672469,pytorch/pytorch,DISABLED test_return_aux_deprecation_warnings_cuda_float16 (__main__.TestFlexAttentionCUDA),https://github.com/pytorch/pytorch/issues/162464,performance_regression,performance_only,compiler_codegen|dtype_casting,performance_regression_to_performance_only,no,high
EGNF1000-0234-1b786da9,apache/tvm,[Bug] The output of the TVM CPU backend is not identical with those of onnxruntime and TVM CUDA backend,https://github.com/apache/tvm/issues/18003,needs_review,crash_compile,precision_tolerance,needs_review_to_crash_compile,no,low
EGNF1000-0237-c462c7fb,jax-ml/jax,'+ptx85' is not a recognized feature for this target (ignoring feature) ==> this issue occurs again,https://github.com/jax-ml/jax/issues/25846,compiler_codegen,not_numerical_failure,api_feature_request|compiler_codegen,compiler_codegen_to_not_numerical_failure,no,medium
EGNF1000-0240-3f72ab7f,rapidsai/cuml,[BUG] double free error on CentOS when import after torchvision.,https://github.com/rapidsai/cuml/issues/4359,needs_review,not_numerical_failure,unknown,needs_review_to_not_numerical_failure,no,low
EGNF1000-0243-c438c027,rapidsai/cuml,[BUG] Static build of CUML fails with cuvs::cuvs missing target,https://github.com/rapidsai/cuml/issues/7020,performance_regression,performance_only,api_feature_request,performance_regression_to_performance_only,no,medium
EGNF1000-0244-f9fda636,rapidsai/cuml,[FEA] Implement `adjusted_mutual_info_score`,https://github.com/rapidsai/cuml/issues/7294,needs_review,performance_only,performance_regression|api_feature_request,needs_review_to_performance_only,no,low
EGNF1000-0245-8db67c3b,triton-lang/triton,High kernel launch overhead,https://github.com/triton-lang/triton/issues/2637,performance_regression,performance_only,compiler_codegen,performance_regression_to_performance_only,no,high
EGNF1000-0249-b42d3cba,jax-ml/jax,Performance Issue Report: JAX Slower Than Autograd on GPU and CPU Setups,https://github.com/jax-ml/jax/issues/20948,needs_review,performance_only,precision_tolerance|performance_regression,needs_review_to_performance_only,no,low
EGNF1000-0252-1c9c43dd,rapidsai/cuml,[BUG] KMeansMG performance regression between 25.06 and 25.10,https://github.com/rapidsai/cuml/issues/7749,performance_regression,performance_only,compiler_codegen,performance_regression_to_performance_only,no,high
EGNF1000-0260-43ecbb7d,cupy/cupy,cupy-cuda114 v10.6.0 AttributeError: module 'cupy.cuda.cudnn' has no attribute 'getConvolution2dForwardOutputDim',https://github.com/cupy/cupy/issues/9103,compiler_codegen,crash_compile,compiler_codegen,compiler_codegen_to_crash_compile,no,medium
EGNF1000-0262-2a597689,numba/numba,Please add support for Metal as GPU accelerator,https://github.com/numba/numba/issues/5706,performance_regression,performance_only,api_feature_request,performance_regression_to_performance_only,no,medium
EGNF1000-0269-690306f7,jax-ml/jax,"`jax.numpy.linalg.norm(A, 2)` uses lax svd, which is slower than eigh",https://github.com/jax-ml/jax/issues/32873,performance_regression,performance_only,unknown,performance_regression_to_performance_only,no,high
EGNF1000-0270-db8a3ff2,jax-ml/jax,any suggestions on how to improve performance for gradient step with odeint?,https://github.com/jax-ml/jax/issues/3993,performance_regression,performance_only,unknown,performance_regression_to_performance_only,no,high
EGNF1000-0271-e4672126,rapidsai/cuml,[BUG] T-SNE freezing in benchmarks,https://github.com/rapidsai/cuml/issues/2358,needs_review,performance_only,unknown,needs_review_to_performance_only,no,low
EGNF1000-0272-3649d788,rapidsai/cuml,Transition to new array input validation system,https://github.com/rapidsai/cuml/issues/7428,performance_regression,performance_only,compiler_codegen,performance_regression_to_performance_only,no,high
EGNF1000-0273-5a5cd273,rapidsai/cuml,Update README to have performance best practices tips and clear call out to benchmarks notebook.,https://github.com/rapidsai/cuml/issues/778,performance_regression,performance_only,unknown,performance_regression_to_performance_only,no,high
EGNF1000-0284-edad17f7,numba/numba,Numba can't vectorize simple loop,https://github.com/numba/numba/issues/5139,compiler_codegen,performance_only,precision_tolerance|performance_regression|compiler_codegen,compiler_codegen_to_performance_only,no,medium
EGNF1000-0289-99eab5d4,cupy/cupy,"Error when including `mma.h`: instance of overloaded function ""__half::__half"" matches the specified type",https://github.com/cupy/cupy/issues/8146,performance_regression,performance_only,compiler_codegen|crash_compile,performance_regression_to_performance_only,no,medium
EGNF1000-0294-07629504,triton-lang/triton,Convert triton tutorial into LLVM IR and Documentations,https://github.com/triton-lang/triton/issues/2743,compiler_codegen,not_numerical_failure,compiler_codegen,compiler_codegen_to_not_numerical_failure,no,medium
EGNF1000-0296-0d03f27d,triton-lang/triton,[RFC] Exposing Scratch Buffer in ReduceOp to Eliminate Redundant Layout Conversion,https://github.com/triton-lang/triton/issues/8775,compiler_codegen,not_numerical_failure,compiler_codegen,compiler_codegen_to_not_numerical_failure,no,medium
EGNF1000-0297-25649c58,triton-lang/triton,Add support for triangular solve operation.,https://github.com/triton-lang/triton/issues/3921,api_feature_request,not_numerical_failure,compiler_codegen|performance_regression|api_semantics,api_feature_request_to_not_numerical_failure,no,medium
EGNF1000-0298-7440eabe,triton-lang/triton,[RFC] Improving Coalescing and Layout Propagation,https://github.com/triton-lang/triton/issues/8706,performance_regression,performance_only,compiler_codegen,performance_regression_to_performance_only,no,high
EGNF1000-0299-027dd47a,apache/tvm,[Bug] build arm on windows broken,https://github.com/apache/tvm/issues/16265,compiler_codegen,not_numerical_failure,dtype_casting|precision_tolerance|api_feature_request|compiler_codegen,compiler_codegen_to_not_numerical_failure,no,medium
EGNF1000-0306-88f8d112,jax-ml/jax,Incorrect cost_analysis() Flop Count on GPU for Dense layer/Dot product,https://github.com/jax-ml/jax/issues/22249,needs_review,crash_compile,unknown,needs_review_to_crash_compile,no,low
EGNF1000-0315-0fb0588d,jax-ml/jax,Feature request: linalg.eig using nvidia cusolver,https://github.com/jax-ml/jax/issues/27265,api_feature_request,not_numerical_failure,performance_regression|api_semantics,api_feature_request_to_not_numerical_failure,no,medium
EGNF1000-0316-15c4965d,jax-ml/jax,Array API `default_device()` and `devices()` are incorrect,https://github.com/jax-ml/jax/issues/27606,needs_review,not_numerical_failure,unknown,needs_review_to_not_numerical_failure,no,low
EGNF1000-0317-3506c4b1,jax-ml/jax,conv_general_dilated fails on older GPUs (compute cap < 7.5),https://github.com/jax-ml/jax/issues/33224,needs_review,crash_compile,unknown,needs_review_to_crash_compile,no,low
EGNF1000-0320-05b7809e,jax-ml/jax,Unexpected result involving `scan` and `vmap`,https://github.com/jax-ml/jax/issues/36958,needs_review,not_numerical_failure,precision_tolerance,needs_review_to_not_numerical_failure,no,low
EGNF1000-0321-acda9578,numba/numba,Result caching in Numba,https://github.com/numba/numba/issues/4062,needs_review,not_numerical_failure,precision_tolerance|performance_regression,needs_review_to_not_numerical_failure,no,low
EGNF1000-0322-68f1c2f4,numba/numba,Too slow jit compilation of a function,https://github.com/numba/numba/issues/5696,performance_regression,performance_only,compiler_codegen|crash_compile,performance_regression_to_performance_only,no,high
EGNF1000-0323-bfdd4c1e,pytorch/pytorch,NCCL ISend is not asynchronous,https://github.com/pytorch/pytorch/issues/108378,compiler_codegen,crash_compile,compiler_codegen,compiler_codegen_to_crash_compile,no,medium
EGNF1000-0327-d7df502c,pytorch/pytorch,Illegal Memory Access With `torch.compile`,https://github.com/pytorch/pytorch/issues/139628,compiler_codegen,crash_compile,compiler_codegen,compiler_codegen_to_crash_compile,no,medium
EGNF1000-0328-c086b924,pytorch/pytorch,Consider relaxing torch.cond's requirement that the outputs of each branch have matching requires_grad metadata,https://github.com/pytorch/pytorch/issues/141259,needs_review,not_numerical_failure,api_feature_request,needs_review_to_not_numerical_failure,no,low
EGNF1000-0329-a819a3c4,pytorch/pytorch,rope perf improvement,https://github.com/pytorch/pytorch/issues/141265,compiler_codegen,not_numerical_failure,compiler_codegen,compiler_codegen_to_not_numerical_failure,no,medium
EGNF1000-0331-0e4bf0ac,pytorch/pytorch,linear + relu don't fuse,https://github.com/pytorch/pytorch/issues/152101,compiler_codegen,crash_compile,precision_tolerance|compiler_codegen,compiler_codegen_to_crash_compile,no,medium
EGNF1000-0336-b7b5db56,pytorch/pytorch,"[ROCm] MIOpen 3D convolution kernel fails with ""invalid configuration argument"" for Qwen2.5-VL vision encoder - silent fallback causes severe performance regression",https://github.com/pytorch/pytorch/issues/169857,performance_regression,performance_only,compiler_codegen,performance_regression_to_performance_only,no,high
EGNF1000-0342-9bffee42,pytorch/pytorch,Missing CSE in TorchInductor,https://github.com/pytorch/pytorch/issues/180957,performance_regression,performance_only,compiler_codegen,performance_regression_to_performance_only,no,high
EGNF1000-0344-80405f35,rapidsai/cudf,[BUG] AllocateLikeTest fails when run with CUDA memory resource,https://github.com/rapidsai/cudf/issues/11247,needs_review,crash_compile,precision_tolerance,needs_review_to_crash_compile,no,low
EGNF1000-0345-7e65d73e,rapidsai/cudf,"[DOC] Fix and/or remove cuda.h ""File Not Found"" warning in our 10 Minutes docs.",https://github.com/rapidsai/cudf/issues/12630,needs_review,not_numerical_failure,unknown,needs_review_to_not_numerical_failure,no,low
EGNF1000-0348-31208fbf,rapidsai/cudf,[BUG] Jitify error on exit from gtests built with Debug,https://github.com/rapidsai/cudf/issues/17583,compiler_codegen,crash_compile,compiler_codegen,compiler_codegen_to_crash_compile,no,medium
EGNF1000-0349-86b91506,rapidsai/cudf,[FEA] Timezone conversions for timestamps,https://github.com/rapidsai/cudf/issues/2477,api_feature_request,not_numerical_failure,api_semantics,api_feature_request_to_not_numerical_failure,no,medium
EGNF1000-0353-7cb4c65c,numba/numba,Slow prange/bad parallelization,https://github.com/numba/numba/issues/7246,performance_regression,performance_only,compiler_codegen,performance_regression_to_performance_only,no,high
EGNF1000-0354-b6ebc2c3,triton-lang/triton,"[""RFC""] Adding end-to-end regression tests",https://github.com/triton-lang/triton/issues/1603,performance_regression,performance_only,unknown,performance_regression_to_performance_only,no,medium
EGNF1000-0358-53d33643,cupy/cupy,About unified memory in Cupy,https://github.com/cupy/cupy/issues/3127,needs_review,not_numerical_failure,unknown,needs_review_to_not_numerical_failure,no,low
EGNF1000-0366-b083cdc9,cupy/cupy,Issue with piecewise log functions in Sympy->Cupy lambdify chain,https://github.com/cupy/cupy/issues/7872,compiler_codegen,not_numerical_failure,compiler_codegen,compiler_codegen_to_not_numerical_failure,no,medium
EGNF1000-0372-14a7ddc5,numba/numba,paralled numpy array error:,https://github.com/numba/numba/issues/4438,compiler_codegen,not_numerical_failure,compiler_codegen,compiler_codegen_to_not_numerical_failure,no,medium
EGNF1000-0373-b07693d9,numba/numba,Python 3.9 Support,https://github.com/numba/numba/issues/6345,compiler_codegen,not_numerical_failure,compiler_codegen,compiler_codegen_to_not_numerical_failure,no,medium
EGNF1000-0376-5d6a557c,numba/numba,float128 support,https://github.com/numba/numba/issues/8830,api_feature_request,not_numerical_failure,api_semantics,api_feature_request_to_not_numerical_failure,no,medium
EGNF1000-0377-e9c1c448,numba/numba,"Unexpected ""CUDA error: the launch timed out and was terminated"" or `CUDA_ERROR_LAUNCH_TIMEOUT`",https://github.com/numba/numba/issues/9381,compiler_codegen,not_numerical_failure,precision_tolerance|performance_regression|compiler_codegen,compiler_codegen_to_not_numerical_failure,no,medium
EGNF1000-0380-4be61aa7,triton-lang/triton,"Do tensors and corresponding operators such as reshape, ravel, dot in triton support >=3 dimensions?",https://github.com/triton-lang/triton/issues/1129,compiler_codegen,not_numerical_failure,compiler_codegen,compiler_codegen_to_not_numerical_failure,no,medium
EGNF1000-0388-44da768e,jax-ml/jax,simple pallas kernel hangs when input size exceeds some threshold,https://github.com/jax-ml/jax/issues/21282,performance_regression,performance_only,compiler_codegen|dtype_casting|crash_compile,performance_regression_to_performance_only,no,high
EGNF1000-0418-9d93ce90,pytorch/pytorch,"`torch.bmm`+`torch.compile` no longer works in 2.9, but worked in 2.8",https://github.com/pytorch/pytorch/issues/165892,performance_regression,performance_only,compiler_codegen|dtype_casting|crash_compile,performance_regression_to_performance_only,no,medium
EGNF1000-0455-a55146cf,jax-ml/jax,Add an `unroll` parameter to `while_loop`,https://github.com/jax-ml/jax/issues/35702,compiler_codegen,performance_only,performance_regression|api_feature_request|compiler_codegen,compiler_codegen_to_performance_only,no,medium
EGNF1000-0476-7634b988,jax-ml/jax,[CPU] `np.linalg.eigh` outputs NaNs for matrix side size >=32767,https://github.com/jax-ml/jax/issues/10420,needs_review,not_numerical_failure,api_feature_request,needs_review_to_not_numerical_failure,no,low
EGNF1000-0508-87d6352f,jax-ml/jax,Support FP8 GEMM kernels which are already support in OpenXLA.,https://github.com/jax-ml/jax/issues/17176,api_feature_request,not_numerical_failure,compiler_codegen|dtype_casting|api_semantics,api_feature_request_to_not_numerical_failure,no,medium
EGNF1000-0510-1dbde10d,jax-ml/jax,FFT implementation in float16,https://github.com/jax-ml/jax/issues/17954,performance_regression,performance_only,compiler_codegen|dtype_casting|crash_compile,performance_regression_to_performance_only,no,medium
EGNF1000-0511-c0160bf1,jax-ml/jax,JAX segment_sum is two times slower for FP16 inputs than FP32 inputs,https://github.com/jax-ml/jax/issues/23136,performance_regression,performance_only,compiler_codegen|dtype_casting,performance_regression_to_performance_only,no,high
EGNF1000-0515-471e3424,jax-ml/jax,FP16 is considerably slower than FP32 on ROCm,https://github.com/jax-ml/jax/issues/30548,performance_regression,performance_only,compiler_codegen|dtype_casting,performance_regression_to_performance_only,no,high
EGNF1000-0517-9e20e692,jax-ml/jax,"Extremely slow performance of ""solve"" under JAX with bfloat16 and cuda configuration",https://github.com/jax-ml/jax/issues/34748,performance_regression,performance_only,dtype_casting,performance_regression_to_performance_only,no,high
EGNF1000-0522-71a2c17a,pytorch/pytorch,Duplicate SDPA Input Constraints,https://github.com/pytorch/pytorch/issues/175833,performance_regression,performance_only,compiler_codegen|dtype_casting,performance_regression_to_performance_only,no,high
EGNF1000-0525-4609c834,rapidsai/cudf,"[BUG] libcudf build error: missing binary operator before token ""(""`",https://github.com/rapidsai/cudf/issues/12583,compiler_codegen,crash_compile,compiler_codegen,compiler_codegen_to_crash_compile,no,medium
EGNF1000-0527-629ee76a,rapidsai/cuml,[BUG] Dask Multi-GPU logistic regression should convert dtypes if needed rather than fail,https://github.com/rapidsai/cuml/issues/5552,performance_regression,performance_only,dtype_casting,performance_regression_to_performance_only,no,medium
EGNF1000-0540-9923a347,jax-ml/jax,FP8 XLA matmul fusion into `__cublas$lt$matmul$f8` not fully working,https://github.com/jax-ml/jax/issues/22313,performance_regression,performance_only,compiler_codegen|dtype_casting,performance_regression_to_performance_only,no,high
EGNF1000-0541-7596e626,jax-ml/jax,Error compile: make_batch_pointers.cu.cc failed: undeclared inclusion(s),https://github.com/jax-ml/jax/issues/23573,compiler_codegen,crash_compile,api_feature_request|compiler_codegen,compiler_codegen_to_crash_compile,no,medium
EGNF1000-0563-837b6a88,pytorch/pytorch,Wishart: problems with singular samples.,https://github.com/pytorch/pytorch/issues/122021,needs_review,not_numerical_failure,unknown,needs_review_to_not_numerical_failure,no,low
EGNF1000-0578-f29ba210,rapidsai/cudf,[FEA] category dtype support in parquet reader,https://github.com/rapidsai/cudf/issues/12497,api_feature_request,not_numerical_failure,dtype_casting|api_semantics,api_feature_request_to_not_numerical_failure,no,medium
EGNF1000-0585-e83587d7,rapidsai/cudf,[BUG] Series setitem raises for safe cases in pandas compatibility mode,https://github.com/rapidsai/cudf/issues/20720,needs_review,not_numerical_failure,unknown,needs_review_to_not_numerical_failure,no,low
EGNF1000-0606-2506ee32,jax-ml/jax,Bfloat16 matrix multiply is slower than FP16 on A100,https://github.com/jax-ml/jax/issues/11705,performance_regression,performance_only,dtype_casting,performance_regression_to_performance_only,no,high
EGNF1000-0607-ba90f2c9,jax-ml/jax,Wider support for FP8 datatypes,https://github.com/jax-ml/jax/issues/16673,performance_regression,performance_only,dtype_casting|api_feature_request,performance_regression_to_performance_only,no,medium
EGNF1000-0609-e556bed8,jax-ml/jax,`jax.lax.random_gamma_grad` has very slow convergence for large inputs,https://github.com/jax-ml/jax/issues/21352,needs_review,performance_only,performance_regression,needs_review_to_performance_only,no,low
EGNF1000-0627-71bd8bb3,pytorch/pytorch,Issue with Shared CUDA Tensor Reference Counting in Multi-Processing,https://github.com/pytorch/pytorch/issues/149187,compiler_codegen,not_numerical_failure,precision_tolerance|compiler_codegen,compiler_codegen_to_not_numerical_failure,no,medium
EGNF1000-0635-1784c420,pytorch/pytorch,`torch.scatter_reduce` CPU performance regression (~15–58×) introduced in 2.13.0.,https://github.com/pytorch/pytorch/issues/183812,performance_regression,performance_only,dtype_casting,performance_regression_to_performance_only,no,high
EGNF1000-0650-1ec14508,rapidsai/cuml,[BUG] RandomForestClassifier No attribute predict_model_on_cpu when it should ?,https://github.com/rapidsai/cuml/issues/5008,needs_review,not_numerical_failure,precision_tolerance,needs_review_to_not_numerical_failure,no,low
EGNF1000-0656-dfb51d0b,rapidsai/cuml,[BUG] `SVR.fit` issues when prefetching enabled,https://github.com/rapidsai/cuml/issues/7842,needs_review,not_numerical_failure,api_feature_request,needs_review_to_not_numerical_failure,no,low
EGNF1000-0664-a1d2fd78,triton-lang/triton,"For split_k > 1, microscaling works incorrectly.",https://github.com/triton-lang/triton/issues/8518,compiler_codegen,not_numerical_failure,compiler_codegen,compiler_codegen_to_not_numerical_failure,no,medium
EGNF1000-0688-5bc543cf,rapidsai/cudf,[FEA] Optimize str.split().list.get() via fused lazy extraction (~160x speedup observed),https://github.com/rapidsai/cudf/issues/21042,api_feature_request,not_numerical_failure,compiler_codegen|performance_regression|api_semantics,api_feature_request_to_not_numerical_failure,no,medium
EGNF1000-0690-c479bb32,rapidsai/cuml,ARIMA performance tracker,https://github.com/rapidsai/cuml/issues/2912,api_feature_request,not_numerical_failure,compiler_codegen|performance_regression|api_semantics,api_feature_request_to_not_numerical_failure,no,medium
EGNF1000-0691-283bcac7,rapidsai/cuml,[BUG] Sporadic failure in test_kbinsdiscretizer with uniform strategy,https://github.com/rapidsai/cuml/issues/3481,needs_review,not_numerical_failure,unknown,needs_review_to_not_numerical_failure,no,low
EGNF1000-0694-f9c5c00b,rapidsai/cuml,[QST] UMAP memory usage: out_of_memory MemoryError,https://github.com/rapidsai/cuml/issues/5685,needs_review,not_numerical_failure,unknown,needs_review_to_not_numerical_failure,no,low
EGNF1000-0695-cdf254ae,rapidsai/cuml,Serialization problem with GridSearchCV,https://github.com/rapidsai/cuml/issues/6046,compiler_codegen,not_numerical_failure,compiler_codegen,compiler_codegen_to_not_numerical_failure,no,medium
EGNF1000-0707-000d7be3,triton-lang/triton,[Perf] TMA descriptor load followed by reduce regresses in 3.6.0 compared to 3.5.1,https://github.com/triton-lang/triton/issues/9703,performance_regression,performance_only,compiler_codegen|dtype_casting,performance_regression_to_performance_only,no,high
EGNF1000-0716-bd77ee48,jax-ml/jax,add jax_debug_infs to docs,https://github.com/jax-ml/jax/issues/17722,api_feature_request,not_numerical_failure,api_semantics,api_feature_request_to_not_numerical_failure,no,medium
EGNF1000-0727-be426ba1,jax-ml/jax,Performance regression in batched jnp.linalg.solve on CPU from jax/jaxlib 0.9.2 to 0.10.0,https://github.com/jax-ml/jax/issues/36927,performance_regression,performance_only,dtype_casting,performance_regression_to_performance_only,no,high
EGNF1000-0742-c877324b,rapidsai/cudf,[FEA] Improve dtype dispatch patterns in Python,https://github.com/rapidsai/cudf/issues/12495,api_feature_request,not_numerical_failure,dtype_casting|precision_tolerance|performance_regression|api_semantics,api_feature_request_to_not_numerical_failure,no,medium
EGNF1000-0743-fed77930,rapidsai/cudf,[FEA] Support more dtypes in JIT GroupBy `apply`,https://github.com/rapidsai/cudf/issues/12608,api_feature_request,not_numerical_failure,dtype_casting|api_semantics,api_feature_request_to_not_numerical_failure,no,medium
EGNF1000-0744-773f77f4,rapidsai/cudf,[FEA] Check dtype requirements on multiindex codes,https://github.com/rapidsai/cudf/issues/14472,api_feature_request,not_numerical_failure,dtype_casting|api_semantics,api_feature_request_to_not_numerical_failure,no,medium
EGNF1000-0745-439889fa,rapidsai/cudf,[FEA] Use more performant dtype introspection utility in `select_dtypes`,https://github.com/rapidsai/cudf/issues/18219,api_feature_request,not_numerical_failure,dtype_casting|precision_tolerance|performance_regression|api_semantics,api_feature_request_to_not_numerical_failure,no,medium
EGNF1000-0754-039d1b31,rapidsai/cudf,[FEA] Adapt to `Series.str.cat` index dtype changes in pandas 3.0,https://github.com/rapidsai/cudf/issues/21123,api_feature_request,not_numerical_failure,dtype_casting|api_semantics,api_feature_request_to_not_numerical_failure,no,medium
EGNF1000-0757-f9fdcc15,rapidsai/cudf,[JNI][DOC] Proposal for standardized code examples in Java docstrings,https://github.com/rapidsai/cudf/issues/21180,needs_review,not_numerical_failure,api_feature_request,needs_review_to_not_numerical_failure,no,low
EGNF1000-0759-72ab411f,rapidsai/cudf,[BUG]: pyarrow 24 compatibility,https://github.com/rapidsai/cudf/issues/22229,needs_review,not_numerical_failure,unknown,needs_review_to_not_numerical_failure,no,low
EGNF1000-0764-6ee6b355,rapidsai/cudf,[FEA] A `cudf.dtype` function similar to `np.dtype(...)`,https://github.com/rapidsai/cudf/issues/8915,api_feature_request,not_numerical_failure,dtype_casting|api_semantics,api_feature_request_to_not_numerical_failure,no,medium
EGNF1000-0765-f0508b7d,rapidsai/cudf,[FEA] Supporting `timedelta64` dtypes for ceil/floor operations,https://github.com/rapidsai/cudf/issues/9561,api_feature_request,not_numerical_failure,dtype_casting|api_semantics,api_feature_request_to_not_numerical_failure,no,medium
EGNF1000-0769-e647375a,rapidsai/cuml,[FEA] Update dask RF to convert dtype float64 to float32 to run fit,https://github.com/rapidsai/cuml/issues/2073,api_feature_request,not_numerical_failure,dtype_casting|api_semantics,api_feature_request_to_not_numerical_failure,no,medium
EGNF1000-0779-45f9efc9,jax-ml/jax,Document constant folding of jnp.arange,https://github.com/jax-ml/jax/issues/35930,compiler_codegen,not_numerical_failure,precision_tolerance|compiler_codegen,compiler_codegen_to_not_numerical_failure,no,medium
EGNF1000-0782-ef06f89e,pytorch/pytorch,DISABLED test_nan_assert_float32 (__main__.ProcessGroupNCCLGroupTest),https://github.com/pytorch/pytorch/issues/177006,compiler_codegen,not_numerical_failure,compiler_codegen,compiler_codegen_to_not_numerical_failure,no,medium
EGNF1000-0786-8f1f4cf8,rapidsai/cuml,[FEA] Allow FIL-loaded xgboost models to predict on dataframes with null values,https://github.com/rapidsai/cuml/issues/3543,api_feature_request,not_numerical_failure,api_semantics,api_feature_request_to_not_numerical_failure,no,medium
EGNF1000-0790-a5d860eb,triton-lang/triton,Feature Request: Optional 64-bit indexing for block pointer offsets,https://github.com/triton-lang/triton/issues/9247,compiler_codegen,performance_only,performance_regression|api_feature_request|compiler_codegen,compiler_codegen_to_performance_only,no,medium
EGNF1000-0791-bfa5ec69,jax-ml/jax,jnp.save in a distributed mannor through GPUDirect,https://github.com/jax-ml/jax/issues/15281,needs_review,not_numerical_failure,api_feature_request,needs_review_to_not_numerical_failure,no,low
EGNF1000-0799-6769b448,jax-ml/jax,Bogus gradient value from value_and_grad for committed DeviceArray on a multi-GPU host,https://github.com/jax-ml/jax/issues/11478,needs_review,not_numerical_failure,unknown,needs_review_to_not_numerical_failure,no,low
EGNF1000-0800-74d75221,jax-ml/jax,Clear Cuda Cache,https://github.com/jax-ml/jax/issues/13330,needs_review,not_numerical_failure,unknown,needs_review_to_not_numerical_failure,no,low
EGNF1000-0801-49c76139,jax-ml/jax,Supporting uint256 operations,https://github.com/jax-ml/jax/issues/13669,api_feature_request,not_numerical_failure,api_semantics,api_feature_request_to_not_numerical_failure,no,medium
EGNF1000-0802-bd9cde25,jax-ml/jax,[v0.4.26] Fails to initialize CUDA backend after jax_cuda_visible_devices is set,https://github.com/jax-ml/jax/issues/20722,compiler_codegen,crash_compile,compiler_codegen,compiler_codegen_to_crash_compile,no,medium
EGNF1000-0804-11d91fe5,jax-ml/jax,time.sleep affects the execution time of JAX,https://github.com/jax-ml/jax/issues/24941,compiler_codegen,not_numerical_failure,compiler_codegen,compiler_codegen_to_not_numerical_failure,no,medium
EGNF1000-0807-f618dbc2,jax-ml/jax,"`jit` compiled function overhead, help for PyTree registration",https://github.com/jax-ml/jax/issues/29470,compiler_codegen,performance_only,compiler_codegen,compiler_codegen_to_performance_only,no,medium
EGNF1000-0809-8c029072,pytorch/pytorch,Incorrect Error Message Ordering for nn.AdaptiveAvgPool2d with Incorrect output_size,https://github.com/pytorch/pytorch/issues/104698,needs_review,not_numerical_failure,unknown,needs_review_to_not_numerical_failure,no,low
EGNF1000-0818-189467a4,pytorch/pytorch,[Inductor] why `TORCHINDUCTOR_MAX_AUTOTUNE_GEMM_BACKENDS=TRITON` does NOT work?,https://github.com/pytorch/pytorch/issues/154947,compiler_codegen,not_numerical_failure,compiler_codegen,compiler_codegen_to_not_numerical_failure,no,medium
EGNF1000-0822-5c8abb5d,pytorch/pytorch,The Inductor test suite test_torchinductor_opinfo was incorrectly disabled on all devices except CUDA.,https://github.com/pytorch/pytorch/issues/161132,compiler_codegen,not_numerical_failure,performance_regression|compiler_codegen,compiler_codegen_to_not_numerical_failure,no,medium
EGNF1000-0830-7216e65d,pytorch/pytorch,[RFC] Overview of Test Case Refactoring in PyTorch,https://github.com/pytorch/pytorch/issues/174469,needs_review,not_numerical_failure,api_feature_request,needs_review_to_not_numerical_failure,no,low
EGNF1000-0831-e007e021,pytorch/pytorch,torch.compile VRAM usage regression between 2.9.1 and 2.10.0,https://github.com/pytorch/pytorch/issues/175058,performance_regression,performance_only,compiler_codegen|crash_compile|api_feature_request,performance_regression_to_performance_only,no,medium
EGNF1000-0833-141a060e,pytorch/pytorch,"Large fp32 discrepancy in LeNet5Fashion conv2 output on CUDA eager baseline, with similar error against both CUDA compile and CPU eager",https://github.com/pytorch/pytorch/issues/178145,needs_review,crash_compile,precision_tolerance,needs_review_to_crash_compile,no,low
EGNF1000-0839-9a5e13e7,rapidsai/cudf,[BUG] Assignment of string list to column doesn't work,https://github.com/rapidsai/cudf/issues/11944,needs_review,not_numerical_failure,api_feature_request,needs_review_to_not_numerical_failure,no,low
EGNF1000-0841-3b46b48f,rapidsai/cudf,[DOC] dask-cudf starter example on docs page fails,https://github.com/rapidsai/cudf/issues/13309,needs_review,not_numerical_failure,unknown,needs_review_to_not_numerical_failure,no,low
EGNF1000-0842-8564a576,rapidsai/cudf,[BUG] Memory issue with `REDUCTION_TEST` detected by `compute-sanitizer`,https://github.com/rapidsai/cudf/issues/13685,needs_review,crash_compile,unknown,needs_review_to_crash_compile,no,low
EGNF1000-0843-54d5555b,rapidsai/cudf,[BUG] Memcheck global read error in `DistinctJoinTest.IntegerInnerJoin`,https://github.com/rapidsai/cudf/issues/15156,compiler_codegen,not_numerical_failure,compiler_codegen,compiler_codegen_to_not_numerical_failure,no,medium
EGNF1000-0847-9afc979e,rapidsai/cudf,[FEA] Replace UDF detection logic with named entry points,https://github.com/rapidsai/cudf/issues/18379,api_feature_request,not_numerical_failure,compiler_codegen|api_semantics,api_feature_request_to_not_numerical_failure,no,medium
EGNF1000-0852-8a1e9435,rapidsai/cudf,"[BUG] dask groupby-aggregation results are missing keys, causing incorrect values",https://github.com/rapidsai/cudf/issues/3719,needs_review,not_numerical_failure,unknown,needs_review_to_not_numerical_failure,no,low
EGNF1000-0854-ad9dbd32,rapidsai/cuml,[QST] TSNE perplexity parameter,https://github.com/rapidsai/cuml/issues/2147,needs_review,not_numerical_failure,unknown,needs_review_to_not_numerical_failure,no,low
EGNF1000-0856-41ed95e8,rapidsai/cuml,[FEA] Implement nan_euclidean distance metric,https://github.com/rapidsai/cuml/issues/4783,api_feature_request,not_numerical_failure,api_semantics,api_feature_request_to_not_numerical_failure,no,medium
EGNF1000-0857-022ba166,rapidsai/cuml,[BUG] Reduce memory footprint of mnmg kmeans,https://github.com/rapidsai/cuml/issues/5212,needs_review,performance_only,unknown,needs_review_to_performance_only,no,low
EGNF1000-0858-034a9bce,rapidsai/cuml,[FEA] nan_euclidean or custom metric added as a metric in NearestNeighbors,https://github.com/rapidsai/cuml/issues/5706,api_feature_request,not_numerical_failure,api_semantics,api_feature_request_to_not_numerical_failure,no,medium
EGNF1000-0860-9b12458d,rapidsai/cuml,[Epic] Improve sklearn compatibility,https://github.com/rapidsai/cuml/issues/7061,needs_review,not_numerical_failure,precision_tolerance|performance_regression,needs_review_to_not_numerical_failure,no,low
EGNF1000-0861-b9c1c39d,rapidsai/cuml,[Tracker] Limitations of RandomForest feature_importances_,https://github.com/rapidsai/cuml/issues/7454,needs_review,not_numerical_failure,api_feature_request,needs_review_to_not_numerical_failure,no,low
EGNF1000-0874-daafc1ab,apache/tvm,[VTA][Chisel] deploy classification not working when timer() is used,https://github.com/apache/tvm/issues/5003,needs_review,not_numerical_failure,unknown,needs_review_to_not_numerical_failure,no,low
EGNF1000-0876-f86eaad2,numba/numba,enhancement for `array_equal`,https://github.com/numba/numba/issues/7937,api_feature_request,not_numerical_failure,api_semantics,api_feature_request_to_not_numerical_failure,no,medium
EGNF1000-0877-3c2477a2,numba/numba,Raise a warning if fastmath options nnan/ninf are in use with `isnan` or `isinf`,https://github.com/numba/numba/issues/8708,needs_review,not_numerical_failure,precision_tolerance,needs_review_to_not_numerical_failure,no,low
EGNF1000-0878-050a10b6,triton-lang/triton,AxisInfo: Bug in MaxMinOpAxisInfoVisitor,https://github.com/triton-lang/triton/issues/7758,needs_review,not_numerical_failure,unknown,needs_review_to_not_numerical_failure,no,low
EGNF1000-0879-8cb13779,jax-ml/jax,"add `is_tracer`, `assert_concrete` functions to API",https://github.com/jax-ml/jax/issues/15625,api_feature_request,not_numerical_failure,api_semantics,api_feature_request_to_not_numerical_failure,no,medium
EGNF1000-0880-ee850d6c,jax-ml/jax,Support erfcx,https://github.com/jax-ml/jax/issues/1987,api_feature_request,not_numerical_failure,api_semantics,api_feature_request_to_not_numerical_failure,no,medium
EGNF1000-0881-9506bf6a,jax-ml/jax,Complex gradient,https://github.com/jax-ml/jax/issues/22948,api_feature_request,not_numerical_failure,api_semantics,api_feature_request_to_not_numerical_failure,no,medium
EGNF1000-0882-bdb4baa8,jax-ml/jax,Improve support for using JAX's custom LAPACK calls externally,https://github.com/jax-ml/jax/issues/23172,compiler_codegen,not_numerical_failure,api_feature_request|compiler_codegen,compiler_codegen_to_not_numerical_failure,no,medium
EGNF1000-0883-2d975ab4,jax-ml/jax,Please consider adding scipy.special.iv to jax.special,https://github.com/jax-ml/jax/issues/2466,needs_review,not_numerical_failure,unknown,needs_review_to_not_numerical_failure,no,low
EGNF1000-0884-6cd9258d,jax-ml/jax,Add associative / parallel version of jax.tree.reduce,https://github.com/jax-ml/jax/issues/29774,api_feature_request,not_numerical_failure,api_semantics,api_feature_request_to_not_numerical_failure,no,medium
EGNF1000-0885-908eed06,jax-ml/jax,Add scipy.special.hyp2f1?,https://github.com/jax-ml/jax/issues/2991,api_feature_request,not_numerical_failure,api_semantics,api_feature_request_to_not_numerical_failure,no,medium
EGNF1000-0886-20090900,jax-ml/jax,Simple missed compiler optimization?,https://github.com/jax-ml/jax/issues/31257,compiler_codegen,crash_compile,precision_tolerance|compiler_codegen,compiler_codegen_to_crash_compile,no,medium
EGNF1000-0887-501a8b03,jax-ml/jax,odeint Runge-Kutta step size sometimes goes backward in time,https://github.com/jax-ml/jax/issues/3437,needs_review,not_numerical_failure,unknown,needs_review_to_not_numerical_failure,no,low
EGNF1000-0893-ad885b81,rapidsai/cuml,[BUG] Sporadic KBinsDiscretizer pytests fail with quantile strategy,https://github.com/rapidsai/cuml/issues/2933,needs_review,crash_compile,unknown,needs_review_to_crash_compile,no,low
EGNF1000-0894-e9ac302e,rapidsai/cuml,[BUG] cannot use local RAFT in get_raft.cmake for building cuML this support is broken,https://github.com/rapidsai/cuml/issues/3972,needs_review,not_numerical_failure,unknown,needs_review_to_not_numerical_failure,no,low
EGNF1000-0895-a2a487cf,rapidsai/cuml,"[FEA] Request building KNNImputer, IterativeImputer, PowerTransform",https://github.com/rapidsai/cuml/issues/4694,api_feature_request,not_numerical_failure,api_semantics,api_feature_request_to_not_numerical_failure,no,medium
EGNF1000-0896-3d3b29eb,rapidsai/cuml,[FEA] Support for HDBSCAN relative_validity,https://github.com/rapidsai/cuml/issues/5945,api_feature_request,not_numerical_failure,crash_compile|api_semantics,api_feature_request_to_not_numerical_failure,no,medium
EGNF1000-0898-cf688f69,rapidsai/cuml,Remove deprecation warning in `UMAP.fit` around `data_on_host`,https://github.com/rapidsai/cuml/issues/6886,needs_review,not_numerical_failure,unknown,needs_review_to_not_numerical_failure,no,low
EGNF1000-0905-a5c799ec,triton-lang/triton,Bug: tt.dot_scaled fails with multi-CTA (num_ctas > 1),https://github.com/triton-lang/triton/issues/7982,compiler_codegen,not_numerical_failure,api_feature_request|compiler_codegen,compiler_codegen_to_not_numerical_failure,no,medium
EGNF1000-0927-72bc4252,pytorch/pytorch,Half precision cdist,https://github.com/pytorch/pytorch/issues/29528,api_feature_request,not_numerical_failure,precision_tolerance|performance_regression|api_semantics,api_feature_request_to_not_numerical_failure,no,medium
EGNF1000-0931-b36df106,rapidsai/cuml,[ENH] add support for fp32 in ARIMA,https://github.com/rapidsai/cuml/issues/1256,api_feature_request,not_numerical_failure,precision_tolerance|api_semantics,api_feature_request_to_not_numerical_failure,no,medium
EGNF1000-0932-dbdd3c28,rapidsai/cuml,[FEA] ROC Curve,https://github.com/rapidsai/cuml/issues/3672,api_feature_request,not_numerical_failure,compiler_codegen|precision_tolerance|api_semantics,api_feature_request_to_not_numerical_failure,no,medium
EGNF1000-0935-5542c076,rapidsai/cuml,[FEA] Add c++ util for singleToDoublePrecisionPerfRatio,https://github.com/rapidsai/cuml/issues/803,api_feature_request,not_numerical_failure,precision_tolerance|performance_regression|api_semantics,api_feature_request_to_not_numerical_failure,no,medium
EGNF1000-0938-5b514bed,triton-lang/triton,Host TensorDescriptor vs. device tensor descriptor creation not producing similar outputs,https://github.com/triton-lang/triton/issues/9719,compiler_codegen,crash_compile,compiler_codegen,compiler_codegen_to_crash_compile,no,medium
EGNF1000-0947-c623095b,pytorch/pytorch,[inductor][cpu] resnet50_quantized_qat CPP wrapper torch._inductor.exc.InductorError: CppCompileError: C++ compile error in 2026-05-11 nightly release,https://github.com/pytorch/pytorch/issues/183401,performance_regression,performance_only,compiler_codegen|dtype_casting|crash_compile,performance_regression_to_performance_only,no,medium
EGNF1000-0949-b0380285,rapidsai/cuml,[CI] Flaky SG_TSNE_TEST failure with BreastCancer dataset and KNN Barnes-Hut,https://github.com/rapidsai/cuml/issues/7705,needs_review,crash_compile,precision_tolerance,needs_review_to_crash_compile,no,low
EGNF1000-0988-55277ee7,pytorch/pytorch,Add custom precision or tolerance support for out of tree backends,https://github.com/pytorch/pytorch/issues/177968,api_feature_request,not_numerical_failure,precision_tolerance|api_semantics,api_feature_request_to_not_numerical_failure,no,medium
EGNF1000-0992-148d3ca6,rapidsai/cuml,[FEA] Check convergence before setting fit_status for SVM,https://github.com/rapidsai/cuml/issues/1631,api_feature_request,not_numerical_failure,precision_tolerance|api_semantics,api_feature_request_to_not_numerical_failure,no,medium
EGNF1000-0993-da45fd5a,rapidsai/cuml,[FEA] Add implementation for average precision recall score.,https://github.com/rapidsai/cuml/issues/3311,api_feature_request,not_numerical_failure,compiler_codegen|precision_tolerance|api_semantics,api_feature_request_to_not_numerical_failure,no,medium
EGNF1000-0994-14243767,rapidsai/cuml,[FEA] Support cuDF dataframes with Decimal dtype columns as input to estimators,https://github.com/rapidsai/cuml/issues/3580,performance_regression,performance_only,dtype_casting|api_feature_request,performance_regression_to_performance_only,no,medium
EGNF1000-0996-e4495709,rapidsai/cuml,[FEA] Better usage of NN Descent as knn build algo,https://github.com/rapidsai/cuml/issues/5942,api_feature_request,not_numerical_failure,precision_tolerance|api_semantics,api_feature_request_to_not_numerical_failure,no,medium
